,C_GENDER,C_AGE,C_FIRST_WORK_DATE,CUST_CODE
0,1,53,01-AUG-86,49744050
1,2,49,01-DEC-90,88528785
2,2,25,23-FEB-16,63334672
3,2,53,01-DEC-81,19815276
4,2,38,01-AUG-03,44407636
5,2,53,01-NOV-84,64704182
6,2,35,01-JUL-05,54355280
7,2,33,10-MAY-10,13017357
8,2,28,13-JAN-14,34211586
9,2,37,01-OCT-03,59661975
10,2,51,01-DEC-94,57216986
11,1,29,01-JAN-14,89927286
12,1,31,01-DEC-05,38746227
13,2,28,01-OCT-10,55978591
14,1,31,28-FEB-11,65485832
15,2,27,28-MAY-15,10794983
16,1,40,01-JAN-05,51048735
17,1,36,11-NOV-06,22276714
18,1,36,13-SEP-07,33928504
19,2,31,17-JUN-13,40964258
20,2,41,01-JUN-96,20899424
21,2,30,01-SEP-11,64407038
22,2,47,01-DEC-89,72537277
23,2,32,17-JUL-15,43034808
24,1,29,01-FEB-11,16696864
25,2,25,17-NOV-14,13752992
26,1,29,17-JUL-13,14570635
27,2,27,06-FEB-11,41132845
28,2,30,12-NOV-12,17452597
29,2,26,01-JUL-16,10188859
30,1,39,07-SEP-01,37151833
31,1,28,15-JAN-14,38328561
32,2,28,15-JAN-14,49186469
33,1,28,15-JAN-14,76040080
34,1,39,01-JUL-05,76834426
35,2,29,01-SEP-10,68483312
36,1,28,29-OCT-13,86200542
37,2,46,01-DEC-89,59682367
38,1,34,01-OCT-08,12110774
39,1,29,15-APR-11,86051265
40,2,34,01-JUL-02,84562446
41,1,27,20-FEB-14,38617373
42,1,31,01-AUG-11,29834261
43,1,27,01-DEC-08,52460759
44,2,41,01-SEP-94,45846887
45,1,26,30-JUN-15,53790033
46,1,41,01-MAY-94,35250845
47,1,39,01-JUL-01,44325700
48,1,35,01-SEP-07,13357446
49,2,35,01-NOV-07,35185233
50,2,28,28-FEB-15,92151243
51,1,36,01-JUL-08,59369429
52,1,34,01-AUG-06,25104362
53,1,28,13-APR-15,24819424
54,1,30,22-JUL-13,17706891
55,1,49,01-NOV-84,39261677
56,1,26,13-APR-15,10319248
57,1,36,01-JUL-06,90204559
58,1,53,01-NOV-80,30292777
59,2,47,01-SEP-92,59247133
60,1,29,01-JUL-12,98682470
61,1,36,01-DEC-99,62273206
62,1,28,13-MAR-12,83416689
63,2,30,01-JUN-13,80490511
64,1,36,01-NOV-03,91889532
65,1,31,14-APR-11,45938045
66,1,32,01-MAR-10,83644969
67,2,48,01-JUL-92,54155318
68,1,35,01-MAY-11,13450832
69,1,29,01-AUG-12,32514493
70,2,53,01-OCT-81,67946216
71,1,37,14-JUL-05,57099780
72,1,36,01-MAY-13,43054464
73,1,29,08-JUN-13,62145194
74,2,55,01-JUL-77,76837605
75,2,69,01-JAN-68,70235613
76,2,58,01-AUG-79,35763799
77,2,55,01-AUG-78,36319413
78,2,55,01-DEC-75,44195264
79,2,55,04-JAN-80,10845890
80,2,63,01-JUN-83,28181621
81,2,70,01-MAR-75,89479420
82,2,63,01-OCT-70,54810946
83,2,54,01-NOV-80,28617639
84,2,64,01-AUG-70,51595113
85,2,58,01-JUL-75,27418995
86,2,60,01-JUN-75,39592356
87,1,64,01-MAR-71,52470612
88,2,56,01-APR-82,13570316
89,2,46,01-AUG-89,89580795
90,2,53,01-NOV-83,66683283
91,2,51,01-JUL-84,81603777
92,2,50,01-DEC-85,36806573
93,2,27,17-JUL-13,39670310
94,2,31,28-JUN-11,29561254
95,2,47,01-DEC-94,97722080
96,2,31,26-SEP-11,71282936
97,1,39,30-JUN-00,68280647
98,1,31,01-APR-11,85077311
99,1,29,12-NOV-12,91743120
100,1,43,01-NOV-99,72353697
101,2,35,01-NOV-05,10095831
102,1,30,01-JUL-12,71480466
103,1,41,01-SEP-94,67613865
104,2,28,15-JAN-14,31259392
105,1,42,01-AUG-94,20030146
106,2,26,01-DEC-14,31345611
107,1,30,22-APR-15,23669977
108,2,26,24-JUN-15,68652028
109,2,26,03-JUN-15,10946351
110,2,24,01-JUL-16,51218460
111,2,29,12-OCT-13,21205656
112,1,39,01-JUN-05,16096090
113,1,44,01-JUL-95,73664695
114,1,31,01-AUG-11,85844918
115,2,31,19-NOV-12,80950101
116,2,35,22-NOV-10,15144735
117,2,40,01-OCT-99,62275722
118,2,29,01-JAN-11,48200453
119,2,53,01-JUL-86,69292003
120,1,35,01-JUL-06,10953674
121,1,47,01-MAY-89,85966901
122,1,47,01-JUN-97,26973721
123,2,26,01-MAR-14,75123185
124,2,32,01-JUL-13,32209410
125,1,30,01-JUL-10,76031366
126,1,33,26-FEB-06,92713018
127,1,29,21-JUL-11,82618954
128,2,25,08-DEC-14,70510259
129,2,29,15-AUG-12,23609915
130,2,36,15-AUG-12,75991218
131,2,28,08-DEC-14,64108005
132,2,30,27-AUG-12,14885727
133,2,27,13-JAN-14,95243709
134,1,28,08-DEC-14,77996562
135,1,26,13-JAN-14,72212319
136,1,27,08-DEC-14,39444370
137,1,28,07-AUG-12,66762560
138,1,28,01-SEP-14,72127405
139,2,29,22-NOV-10,40512581
140,2,27,27-MAY-16,45977241
141,2,27,06-MAY-13,80307457
142,1,32,01-JUL-09,32761983
143,1,24,26-JUL-16,60452683
144,2,31,01-SEP-09,71995236
145,1,24,08-JUL-15,30134898
146,2,32,01-OCT-09,75785087
147,2,35,01-DEC-01,21514254
148,1,42,01-SEP-94,31269119
149,1,46,01-APR-93,48617119
150,1,24,09-MAR-15,44506996
151,1,32,24-JAN-10,24319272
152,2,27,12-NOV-12,79899204
153,2,29,01-JUL-11,89677967
154,1,34,15-JAN-14,55371226
155,2,26,08-DEC-14,73755294
156,1,32,01-DEC-03,56744062
157,1,27,24-JUN-15,34148038
158,1,27,01-APR-11,42279606
159,2,28,24-JUL-14,38144532
160,2,25,01-JUL-16,74422159
161,2,27,01-MAR-13,44794213
162,2,25,30-JUN-15,86259595
163,1,36,01-JAN-01,17984967
164,2,32,01-AUG-08,83381617
165,1,40,16-JUL-01,55879092
166,1,36,01-JUL-04,50228322
167,2,45,01-NOV-89,97699055
168,1,30,01-JUL-12,36012313
169,1,39,01-FEB-01,54519605
170,2,25,23-APR-15,27316549
171,1,29,01-OCT-11,95649090
172,1,52,01-JUL-85,15186436
173,1,27,01-JUN-14,52752149
174,1,32,01-AUG-06,15880181
175,1,33,01-JUL-09,98344098
176,1,41,01-MAY-03,51283596
177,2,42,01-SEP-00,22083942
178,2,30,11-AUG-14,31359121
179,1,27,01-OCT-12,33208113
180,1,36,28-OCT-08,26341097
181,1,34,01-JUL-07,77567956
182,1,29,01-APR-13,18464543
183,1,45,01-JAN-92,25476428
184,1,28,01-JAN-08,72308266
185,2,29,01-JUN-11,34845406
186,1,36,16-JUL-03,84393625
187,2,27,18-AUG-15,63830104
188,1,28,10-SEP-14,19450442
189,1,58,15-JUL-81,82178052
190,1,38,01-SEP-98,87183702
191,2,34,23-JUN-03,85720778
192,1,28,01-NOV-12,40771159
193,1,39,01-JUL-03,18008199
194,2,34,01-NOV-03,12021499
195,2,46,01-FEB-02,60381995
196,1,31,01-JUN-08,44011490
197,2,30,01-AUG-15,52728110
198,1,67,01-DEC-69,74266212
199,2,61,01-FEB-74,62964482
200,2,55,01-DEC-80,53423738
201,2,61,01-APR-74,36421169
202,1,65,01-JUN-88,28041659
203,2,67,01-DEC-68,19278936
204,2,54,01-JAN-80,68182986
205,2,59,01-JAN-76,45509183
206,1,45,01-JUN-91,85827547
207,2,51,01-JUL-87,19591652
208,2,28,01-AUG-13,47421229
209,1,27,28-AUG-14,71959032
210,1,33,18-NOV-02,65780522
211,2,41,01-JUL-94,11087253
212,1,35,01-SEP-05,27022241
213,2,37,01-SEP-03,14537029
214,1,61,01-SEP-73,16250828
215,1,44,01-AUG-94,45217604
216,1,42,03-SEP-93,68263524
217,2,29,01-SEP-07,90651051
218,2,32,12-SEP-07,40072992
219,1,28,02-JUL-16,61767168
220,1,47,01-NOV-88,29402391
221,2,27,12-AUG-14,71208307
222,1,30,01-JUL-09,21529932
223,1,29,01-AUG-13,57178602
224,1,26,25-AUG-15,43732444
225,2,32,01-APR-06,76319573
226,1,27,01-APR-12,83485314
227,1,29,01-JUL-11,38965340
228,2,25,01-AUG-14,18793911
229,1,50,01-SEP-85,33206618
230,1,35,01-JAN-05,54971133
231,1,27,01-DEC-12,39767816
232,1,29,01-SEP-12,35686309
233,2,28,01-JUL-14,90243232
234,2,31,24-JAN-10,91808670
235,2,42,01-JUL-99,13222388
236,1,40,01-OCT-98,48511203
237,1,31,01-JUL-10,63030105
238,2,46,08-JUL-94,80985965
239,1,42,01-JUL-98,41873945
240,1,33,01-JAN-07,35671859
241,2,29,01-MAR-10,71698836
242,1,32,01-JUL-07,51872596
243,1,30,01-AUG-14,60141362
244,1,56,01-NOV-79,42849825
245,1,45,10-AUG-93,73783697
246,1,47,01-SEP-90,55297705
247,2,30,26-SEP-10,57527866
248,2,48,30-DEC-85,53669093
249,2,26,26-FEB-16,13836304
250,2,25,01-NOV-14,85701988
251,2,41,01-NOV-94,83294893
252,2,28,26-JUL-12,85923077
253,1,30,01-MAR-13,35581511
254,1,55,21-AUG-80,81870300
255,2,37,01-JUL-03,59883810
256,1,35,01-DEC-99,60057904
257,2,48,01-NOV-90,22140671
258,2,25,01-DEC-11,54824449
259,2,30,11-JUL-11,60222753
260,2,27,01-JUL-16,19757905
261,1,29,11-MAR-13,71635379
262,2,39,20-SEP-99,59952413
263,1,45,01-MAY-90,71849716
264,2,27,08-DEC-14,33681703
265,2,29,15-JAN-14,69562954
266,2,41,01-AUG-01,24683335
267,1,62,01-MAR-82,30177162
268,2,24,01-JUL-16,32521888
269,1,47,01-JUL-94,78010000
270,1,48,01-APR-95,11380577
271,1,29,01-JUL-12,26670266
272,1,56,01-AUG-82,79086543
273,2,39,01-JUL-96,12574214
274,2,38,01-JUL-03,60349943
275,2,29,01-SEP-11,12850389
276,2,25,01-JAN-15,27644280
277,2,41,01-JUL-00,21240858
278,1,28,01-JUL-11,72514535
279,1,42,01-JUL-97,15903509
280,1,39,01-SEP-00,22361592
281,1,30,01-MAR-12,12973531
282,1,36,07-NOV-01,17306564
283,1,52,01-JUL-86,32288174
284,2,38,01-AUG-02,28077872
285,1,31,01-SEP-10,48940819
286,1,31,26-JUL-12,61147674
287,2,30,13-MAY-13,55387109
288,2,27,08-DEC-14,49547302
289,2,29,20-MAY-13,80388997
290,1,31,01-JUL-09,89929855
291,1,30,08-DEC-14,54346030
292,1,53,01-NOV-83,99700836
293,2,30,08-DEC-14,87228028
294,2,28,30-MAY-13,20332226
295,2,34,19-NOV-12,30810021
296,2,38,01-JUL-04,56352952
297,2,30,08-DEC-14,16047893
298,2,31,19-NOV-12,88543823
299,2,40,19-AUG-12,84404836
300,1,28,19-NOV-12,51217401
301,2,28,08-DEC-14,63927719
302,2,26,01-JUL-16,74323430
303,1,28,12-OCT-13,20944137
304,1,28,08-DEC-14,13835629
305,1,25,24-JUN-15,26009277
306,2,37,19-NOV-12,82066795
307,2,27,13-JAN-14,49260578
308,2,29,12-OCT-13,75864861
309,2,25,24-AUG-15,59355386
310,2,29,12-OCT-13,45479275
311,2,33,30-JUN-11,48025021
312,2,50,01-JUL-90,25963457
313,1,39,01-JUL-01,83859809
314,2,48,01-JUL-93,76181479
315,1,58,01-OCT-80,67489154
316,2,36,01-MAY-06,91234469
317,2,29,01-NOV-12,31794883
318,1,35,05-MAY-08,40091223
319,1,31,01-JUN-11,21468390
320,1,33,01-OCT-08,26920942
321,1,26,06-AUG-14,44866007
322,1,29,12-OCT-13,34108078
323,2,45,04-SEP-09,78462018
324,2,25,19-AUG-14,79127793
325,1,29,01-JUN-12,16854345
326,2,24,01-JUL-16,92961723
327,2,29,06-MAY-13,85213487
328,1,46,19-AUG-12,87826454
329,1,44,01-SEP-98,78596556
330,1,48,01-SEP-90,50081763
331,1,37,01-JUN-02,59114058
332,2,71,01-SEP-80,63464991
333,2,55,01-DEC-86,95764101
334,2,64,01-FEB-80,10120589
335,2,65,01-AUG-82,40872433
336,2,71,01-NOV-79,13302208
337,2,63,01-DEC-74,99088430
338,2,60,01-APR-76,48855451
339,1,36,01-JUL-04,83298086
340,1,60,01-DEC-76,73178251
341,2,53,01-DEC-85,11987506
342,1,43,01-SEP-91,87440869
343,1,34,16-SEP-01,48608024
344,2,39,13-APR-11,13931891
345,1,36,25-JAN-12,63293112
346,1,34,27-APR-09,84439408
347,2,28,01-JUL-13,68844404
348,1,42,01-DEC-94,16333934
349,1,35,26-JUN-06,11755295
350,2,28,28-NOV-11,33842924
351,2,25,29-JUN-11,38824049
352,1,46,20-JUN-88,73884637
353,1,28,01-AUG-14,13081845
354,2,27,19-MAY-15,13092099
355,1,44,01-OCT-98,49704735
356,2,32,01-JUN-10,62050313
357,2,34,14-APR-08,48921159
358,1,41,01-JUL-93,68341507
359,2,43,01-JUL-95,89102676
360,1,27,13-NOV-14,92329711
361,1,36,01-MAY-03,95975962
362,2,24,20-JUL-16,46894507
363,1,29,01-JAN-12,56039981
364,2,30,31-MAR-14,36266637
365,1,37,01-DEC-99,75403506
366,1,42,01-NOV-94,40040736
367,1,34,01-NOV-07,54057712
368,2,44,01-FEB-92,90988799
369,2,29,14-AUG-13,52048237
370,1,40,01-JUL-02,59819921
371,2,33,01-APR-09,42278395
372,2,24,19-MAY-15,43611009
373,2,50,01-SEP-89,76499889
374,1,28,13-JAN-14,32489999
375,2,35,01-JUL-04,90166968
376,1,29,04-JUL-11,76982444
377,2,38,01-JUN-00,85712580
378,1,34,01-MAR-04,15844936
379,1,33,01-OCT-09,35429381
380,1,33,18-JUL-12,46734768
381,2,32,27-FEB-15,61446696
382,2,37,01-JAN-03,11750069
383,2,41,01-JUL-04,99991266
384,2,47,01-JUN-88,80399016
385,1,30,01-FEB-11,12101026
386,2,42,02-SEP-94,46940096
387,2,39,01-APR-96,42975884
388,2,33,24-APR-09,19234234
389,2,49,01-AUG-88,27414815
390,1,28,16-JUL-13,29226430
391,2,26,26-MAY-15,21661686
392,1,49,11-JUL-88,35793352
393,1,36,05-JAN-01,30236074
394,2,27,26-SEP-14,82744615
395,1,52,01-JUL-86,92663816
396,1,30,14-APR-11,50811572
397,2,36,01-JUL-05,61384027
398,1,39,01-JAN-99,28057275
399,1,35,23-JAN-14,97028269
400,1,36,01-JUL-05,91722802
401,2,36,01-JUN-07,57063116
402,1,46,01-JAN-98,31324513
403,1,39,01-JUN-02,94578102
404,1,29,21-JUN-12,82380576
405,1,30,12-SEP-12,90122650
406,1,26,24-JUN-15,47007928
407,1,47,01-JUL-95,11081402
408,2,39,12-JUL-01,84918625
409,1,25,01-JUL-16,68584661
410,2,29,28-JUL-12,32182652
411,2,32,24-JUL-14,76173590
412,1,24,01-JUL-16,17658842
413,2,23,01-JUL-16,57439491
414,2,27,01-JUL-16,67879844
415,1,31,22-JUL-12,35008264
416,2,39,18-MAY-01,85319891
417,2,41,01-SEP-96,60409710
418,2,30,14-APR-11,25937466
419,1,26,09-JUL-15,93709723
420,2,24,24-MAR-16,43003976
421,2,25,30-JUN-15,65772628
422,1,33,01-JUL-08,13911041
423,2,27,01-JUL-16,70463294
424,1,38,01-SEP-98,32937872
425,2,35,29-DEC-05,15590767
426,1,40,01-JUL-97,72414387
427,2,49,01-MAY-85,79026607
428,2,36,01-JUN-10,32543580
429,2,27,01-MAR-16,47479051
430,1,30,01-NOV-07,11333430
431,2,27,26-JUL-12,14066762
432,2,49,01-JUL-89,14427650
433,1,28,03-SEP-12,38020770
434,2,32,01-APR-09,88438540
435,1,40,01-NOV-94,29904738
436,2,42,01-JUL-98,41749343
437,1,32,01-APR-11,17222874
438,2,32,01-SEP-07,54151751
439,2,41,12-SEP-94,74981007
440,2,37,01-JUL-02,90045258
441,1,44,01-JUL-92,57848241
442,1,37,01-JUL-02,88150243
443,1,28,27-JUL-12,55379678
444,2,28,01-APR-10,53864358
445,2,30,01-JAN-10,33442070
446,1,30,01-APR-11,61549659
447,1,48,01-DEC-87,58045289
448,1,44,01-JAN-96,54018510
449,2,41,01-DEC-99,62355868
450,2,33,01-JUL-09,17244309
451,1,31,01-APR-07,37053846
452,1,29,08-DEC-14,57865077
453,1,51,01-AUG-88,32487820
454,2,27,08-OCT-14,40095997
455,1,25,08-DEC-14,24141055
456,2,27,08-DEC-14,16708193
457,2,32,01-NOV-11,96227316
458,2,28,25-NOV-13,78517270
459,2,27,08-DEC-14,63536274
460,1,31,19-NOV-12,87282414
461,1,27,24-JUN-15,84354692
462,2,29,08-DEC-14,23255983
463,1,56,01-MAY-82,10637783
464,1,30,18-JUL-10,29917290
465,1,24,10-OCT-14,39372480
466,1,26,10-OCT-14,59039730
467,2,25,01-JUL-15,97970972
468,1,34,01-SEP-06,93753492
469,1,33,01-JUL-09,43108422
470,2,26,22-JAN-16,68918121
471,1,37,01-SEP-04,80937043
472,1,30,01-APR-11,75247355
473,1,37,01-OCT-08,95398685
474,1,28,09-MAY-10,58516399
475,2,32,21-JAN-10,58590910
476,2,32,01-OCT-10,50703856
477,2,36,01-JUL-04,93151901
478,2,33,11-SEP-07,37626725
479,2,46,08-AUG-88,86705500
480,1,43,01-SEP-94,23042142
481,1,29,26-MAY-15,39499351
482,2,46,01-SEP-86,77037750
483,2,26,08-JUL-15,86047664
484,1,52,01-JUL-86,55213937
485,2,36,01-JUN-08,40224362
486,1,40,01-SEP-99,70651031
487,1,33,08-JUL-10,96790433
488,1,46,01-SEP-94,28354915
489,2,42,01-SEP-93,97915238
490,2,28,01-JAN-14,59990379
491,2,48,02-JUL-88,15997662
492,2,39,01-APR-96,74427207
493,1,35,01-JUL-05,61584526
494,2,66,01-JUL-71,20949764
495,2,59,01-AUG-77,42214721
496,2,64,01-JAN-72,31387647
497,2,67,01-AUG-69,28854015
498,2,72,01-AUG-77,15796838
499,1,65,01-OCT-70,83063218
500,2,55,01-APR-95,59530759
501,1,48,01-AUG-88,31213321
502,2,52,01-JAN-96,99500842
503,1,54,01-AUG-84,69502713
504,2,33,01-NOV-06,76989700
505,2,36,01-SEP-12,76449610
506,2,35,01-JAN-09,55295976
507,1,28,18-FEB-14,66178954
508,2,37,20-AUG-97,25703483
509,2,28,01-NOV-11,33607327
510,1,38,16-JUL-03,96937834
511,2,31,29-JUN-15,65785619
512,2,62,01-JAN-92,36783364
513,2,55,01-DEC-79,83342564
514,2,58,01-MAR-91,84178691
515,2,64,01-DEC-70,82414547
516,2,58,01-JAN-93,38220019
517,2,54,01-NOV-80,13572547
518,2,61,01-NOV-87,76731372
519,1,43,01-NOV-94,10836042
520,1,50,01-JUL-87,96448657
521,2,53,01-DEC-81,50370906
522,1,56,01-DEC-80,47284828
523,1,31,01-OCT-11,93401663
524,1,54,31-OCT-81,12190575
525,1,40,10-SEP-00,34181143
526,1,29,06-JAN-14,84207390
527,2,35,01-JUL-07,99351760
528,1,29,01-OCT-13,66426495
529,2,33,04-NOV-13,84825688
530,1,30,27-JUL-12,48255359
531,1,27,06-APR-15,62133650
532,1,25,25-JUL-14,81209130
533,2,27,24-SEP-15,15999798
534,1,45,01-AUG-92,31486322
535,1,25,01-JUN-15,28412674
536,2,33,15-AUG-08,48004858
537,2,30,01-APR-11,31976802
538,2,27,07-APR-15,59182574
539,2,31,01-FEB-10,62353198
540,2,28,15-JAN-14,69168896
541,1,33,01-APR-08,12479651
542,1,27,26-MAR-14,10941544
543,1,36,01-JUL-04,80226534
544,2,34,01-FEB-11,20719921
545,2,31,01-SEP-14,35954361
546,2,27,16-JUL-12,23114588
547,2,38,01-FEB-11,88965690
548,1,36,01-MAY-10,66679781
549,2,44,01-NOV-94,73831759
550,1,28,10-OCT-14,34081042
551,1,31,12-NOV-12,44508952
552,2,30,12-NOV-12,20337142
553,2,43,01-AUG-92,51198390
554,2,35,10-SEP-07,64949316
555,1,49,01-JUL-91,61502274
556,2,38,01-DEC-95,59778031
557,2,42,01-MAY-95,31467618
558,1,45,01-OCT-89,11312891
559,2,33,01-OCT-07,95370669
560,2,25,01-JUL-16,10778885
561,2,42,01-AUG-94,89613400
562,2,45,01-SEP-90,63626688
563,1,35,01-JUL-04,16618164
564,2,28,17-NOV-14,13681546
565,1,40,01-SEP-99,62759981
566,1,35,01-JUL-03,59746200
567,1,38,01-JUL-03,96635039
568,2,25,01-MAY-11,85277419
569,1,29,28-JUL-12,44658207
570,1,37,01-AUG-99,99597053
571,1,55,01-FEB-83,59915197
572,2,24,01-JUL-16,47849450
573,2,28,01-MAR-13,24155027
574,2,29,08-DEC-14,59659594
575,2,25,01-JUL-16,14775966
576,2,45,01-SEP-93,56626543
577,1,32,01-JUN-08,61106963
578,2,33,01-FEB-08,25694235
579,2,29,01-MAR-16,55095905
580,1,32,10-MAY-10,73800868
581,1,34,01-AUG-08,77543043
582,1,27,30-MAR-12,21978701
583,1,33,16-OCT-13,30133281
584,2,28,01-AUG-15,32580874
585,1,27,01-JUL-12,98514486
586,1,44,01-JUL-96,31587756
587,2,28,10-OCT-11,40380283
588,1,42,08-OCT-95,96781331
589,1,32,01-DEC-03,24827236
590,1,30,04-JAN-15,26281218
591,2,29,07-MAR-13,30430600
592,1,32,01-JUN-10,74730769
593,2,32,01-JUN-10,67122904
594,2,31,01-AUG-11,52851650
595,1,32,01-JUL-12,74523791
596,2,35,01-SEP-05,35604919
597,1,29,27-JUL-12,39727799
598,1,42,01-AUG-94,65880227
599,2,36,01-DEC-00,94836528
600,1,35,01-JUL-07,19062866
601,1,32,08-JUL-10,41995770
602,1,40,01-JUL-02,21263788
603,2,41,01-JUL-02,14511550
604,2,35,01-APR-09,79927860
605,2,34,01-AUG-03,13297769
606,2,31,01-JUL-09,93134856
607,1,32,01-JUL-07,79525237
608,1,25,19-MAY-15,12092854
609,2,33,02-JUL-08,59565761
610,2,25,01-JUL-14,77402195
611,2,37,01-SEP-01,61687613
612,2,29,19-JUN-15,87327547
613,2,29,30-MAR-15,41698373
614,1,32,04-DEC-07,49083492
615,1,29,24-FEB-09,28060160
616,1,35,26-JUN-07,82058785
617,1,41,01-JAN-98,72999860
618,2,29,27-OCT-15,88814333
619,2,27,01-AUG-15,95651722
620,1,30,01-NOV-10,61840166
621,1,30,01-JUL-12,15221950
622,2,22,01-JUL-16,25007402
623,1,29,31-DEC-12,57982073
624,2,26,01-FEB-14,26498773
625,2,26,01-JUL-16,54442751
626,2,38,14-FEB-08,23803508
627,2,30,15-JAN-14,68241313
628,1,35,01-JUL-05,49795895
629,2,54,01-DEC-79,86194696
630,2,37,01-JUL-03,70729994
631,1,29,01-FEB-12,31814078
632,1,29,01-JUL-11,72560514
633,2,27,01-JUL-16,22288649
634,1,36,17-JUL-04,96964259
635,1,43,01-JAN-94,36056913
636,1,29,22-JUL-13,50038481
637,2,37,01-JAN-04,48935746
638,1,40,04-OCT-98,40651258
639,2,32,01-JUL-07,45683946
640,2,43,01-NOV-96,47845689
641,2,27,01-MAR-16,65122413
642,2,36,01-JAN-06,29047623
643,1,41,16-NOV-98,98725084
644,1,33,01-JUL-07,65366538
645,1,27,08-DEC-14,65578431
646,2,37,01-JUN-03,36306651
647,2,26,25-MAR-16,86773907
648,1,55,01-DEC-79,72333577
649,1,33,25-APR-09,22792794
650,2,37,14-JAN-11,20684766
651,2,33,14-OCT-09,34588594
652,2,27,01-JUL-13,15968408
653,2,27,01-MAR-13,79681405
654,1,30,31-MAR-14,68172510
655,2,32,01-JUL-14,34022503
656,2,34,01-OCT-07,28755010
657,2,27,01-APR-12,72376548
658,2,33,01-DEC-05,13441042
659,2,26,07-APR-15,17357551
660,2,25,18-JUL-16,24492086
661,2,31,01-JUL-10,42451127
662,1,30,01-NOV-12,95145716
663,2,45,01-SEP-92,21160107
664,2,26,04-MAR-15,29022213
665,1,44,01-NOV-94,51470186
666,1,29,01-FEB-12,32224980
667,2,49,01-DEC-85,54812739
668,1,46,01-MAR-90,93835318
669,1,26,24-JUN-15,81558062
670,2,32,01-FEB-12,27404622
671,1,45,01-DEC-90,44276799
672,2,24,01-JUL-16,73799065
673,2,24,01-JUL-16,48622022
674,1,27,24-JUL-14,54278861
675,2,29,15-JAN-14,74053755
676,2,31,22-MAR-10,76557129
677,1,25,15-JAN-14,81925128
678,2,27,02-AUG-13,91411354
679,2,24,01-JUL-16,79778066
680,1,34,01-JUN-06,26821746
681,2,37,01-JAN-01,72078541
682,1,25,11-MAY-15,74117787
683,1,45,08-AUG-88,72968926
684,1,25,20-MAY-15,87397970
685,2,45,01-APR-93,54382680
686,1,28,01-DEC-08,64210008
687,2,33,13-SEP-07,95574010
688,1,44,01-AUG-92,47428950
689,2,32,02-NOV-09,35492175
690,1,44,01-AUG-93,69540251
691,2,40,01-MAY-96,30179631
692,2,42,01-DEC-93,75296141
693,1,32,24-JAN-10,83936089
694,1,31,01-DEC-04,74033341
695,1,36,01-JAN-05,51414806
696,1,30,24-JUN-15,65580489
697,1,30,01-AUG-11,31740620
698,2,33,11-NOV-11,17824020
699,1,36,01-JUL-06,47954598
700,2,30,01-JUL-09,76337145
701,1,42,01-MAY-98,52253029
702,1,36,01-DEC-00,34540792
703,1,24,21-JUL-15,69042970
704,2,35,01-MAY-05,82581685
705,2,40,01-JAN-97,32203777
706,1,50,25-DEC-85,74014131
707,1,25,19-MAY-15,70711673
708,2,25,01-APR-15,46073544
709,1,48,01-JUL-92,87009267
710,2,31,24-JAN-10,43601302
711,2,33,23-OCT-08,84937778
712,2,28,01-SEP-13,36416631
713,2,25,01-JUL-16,67509394
714,2,42,01-JUN-94,46837106
715,2,27,28-JUL-14,39624971
716,1,38,01-OCT-99,46532597
717,2,25,30-JUN-15,19951203
718,2,34,01-JUL-10,56603443
719,2,32,06-JAN-09,86116826
720,2,42,01-AUG-98,15494687
721,2,28,03-MAY-16,95366065
722,1,33,01-JUL-10,11361440
723,2,29,01-JUL-11,39458311
724,1,33,01-AUG-07,69053242
725,1,29,01-JUL-11,57877427
726,2,32,24-JAN-10,59353065
727,1,26,07-FEB-14,28994227
728,1,30,18-FEB-16,36902472
729,2,36,01-MAR-07,25854913
730,2,30,13-APR-11,50170893
731,1,35,29-DEC-04,83616950
732,2,32,24-JAN-10,45066983
733,2,48,01-JUL-91,44406911
734,2,26,26-MAY-15,44257505
735,2,27,01-JUN-15,63919898
736,1,26,01-OCT-14,13983472
737,2,24,01-JUL-16,62300052
738,1,34,01-NOV-03,60158676
739,1,32,01-SEP-10,90502290
740,2,32,01-JUL-07,90311532
741,2,28,01-JUN-14,46024109
742,2,25,01-JUL-16,80435353
743,1,44,01-AUG-90,29454219
744,1,46,01-MAR-93,47246588
745,1,50,01-AUG-87,40160762
746,1,42,01-JUL-99,23694094
747,2,50,01-MAR-84,41450631
748,1,38,01-JUN-03,51999365
749,2,31,01-JUL-11,82617186
750,2,30,01-JUL-09,55718421
751,1,31,01-JUN-07,42050349
752,1,58,01-DEC-78,22620774
753,2,29,19-NOV-12,96639955
754,1,25,12-OCT-13,97428064
755,2,30,19-NOV-12,79028149
756,2,29,08-DEC-14,40417175
757,1,29,12-OCT-13,80667820
758,2,26,11-DEC-14,11834620
759,1,27,12-OCT-13,88726373
760,1,30,01-SEP-12,94828923
761,2,34,07-JUL-06,45565667
762,2,33,01-AUG-07,23684834
763,2,30,01-MAR-05,97311005
764,1,35,01-JUL-05,89798609
765,1,31,01-JUL-11,81840779
766,2,38,01-JUL-03,79823853
767,1,23,01-JUL-16,83719281
768,1,30,25-SEP-11,40787563
769,2,26,01-AUG-15,63751900
770,1,48,01-NOV-87,53724448
771,1,28,09-MAR-15,68388403
772,1,45,01-NOV-93,99009252
773,2,28,01-AUG-15,50890696
774,2,40,01-JUL-97,75290658
775,2,34,06-MAR-10,88477347
776,1,27,15-DEC-15,16751475
777,2,28,14-NOV-14,11198983
778,1,35,13-JUL-06,53309348
779,2,36,01-AUG-05,76662585
780,1,36,01-JUL-03,59419405
781,1,28,18-NOV-13,25169115
782,2,29,01-JUL-13,49862594
783,1,29,01-JUL-13,24485784
784,2,25,17-JUL-15,71271034
785,2,26,25-JUL-16,91613342
786,2,25,25-JUL-16,96726360
787,2,46,01-JUL-99,80515943
788,1,38,01-AUG-00,82728384
789,1,35,06-JUL-10,23850985
790,2,38,01-APR-04,92760506
791,2,31,25-NOV-11,41931622
792,2,28,01-JUL-16,98952458
793,2,55,12-DEC-79,33678395
794,1,54,01-DEC-83,42286420
795,2,29,01-AUG-12,51166284
796,2,44,01-DEC-94,39835514
797,2,31,01-APR-11,53350981
798,1,25,05-APR-16,37403415
799,1,37,01-OCT-98,62470892
800,2,38,15-JUL-03,48884953
801,2,36,01-JUL-04,73915427
802,2,39,01-JUL-01,42486183
803,1,46,01-APR-89,74938269
804,1,32,04-JAN-10,49288779
805,1,35,01-NOV-07,91499585
806,1,37,01-JUL-02,72893487
807,2,36,01-JUN-02,50194227
808,1,41,15-JUL-01,47115458
809,2,31,01-AUG-10,11197789
810,1,42,01-JUL-98,20069893
811,2,30,08-MAR-10,18263585
812,1,36,27-OCT-08,99697047
813,2,26,01-OCT-14,86487094
814,1,37,27-JUN-08,54899304
815,1,46,01-JUN-01,45229906
816,2,28,01-JUL-16,95891429
817,2,45,01-DEC-95,14240392
818,2,31,08-DEC-14,52785590
819,2,25,08-JUL-15,74205513
820,2,43,01-JUL-95,27644461
821,1,25,09-SEP-14,25971871
822,2,34,01-OCT-09,25718215
823,2,36,01-JUL-07,19236723
824,2,30,01-AUG-10,69381407
825,1,28,30-JUN-11,47857692
826,2,33,30-MAR-07,35916653
827,1,48,01-MAR-92,81147177
828,2,24,08-JUL-15,37407932
829,1,28,04-DEC-14,80806254
830,1,47,01-JAN-94,16880218
831,1,31,01-OCT-10,15353528
832,1,29,01-DEC-07,52716430
833,1,44,03-NOV-93,68884071
834,1,44,01-FEB-92,31671060
835,2,36,31-OCT-08,88628931
836,1,36,01-APR-05,90190956
837,2,37,11-SEP-07,81223132
838,1,36,01-JUN-08,15671342
839,2,27,01-MAR-16,50009841
840,1,36,10-JUL-03,36996264
841,2,35,01-JUL-09,21214959
842,2,36,02-JUL-05,94541052
843,1,46,01-AUG-92,33671055
844,1,39,01-JUL-03,43937521
845,1,46,01-JUL-93,39697816
846,2,40,01-JUN-95,70739035
847,1,39,01-JUL-02,56212249
848,2,31,22-JUL-11,16332533
849,1,27,01-JUL-16,10218381
850,2,34,01-DEC-09,82259177
851,2,35,01-AUG-09,66620350
852,2,36,01-SEP-02,34791594
853,2,29,26-JUL-12,17785610
854,2,26,29-JUL-15,66911499
855,1,30,18-JUL-11,45168488
856,1,34,01-JUL-06,92946156
857,2,28,01-JUL-11,68032092
858,1,44,01-DEC-91,95803147
859,2,31,01-JUL-10,41822004
860,1,34,01-JUL-08,72956948
861,2,32,01-DEC-06,60724547
862,1,36,15-JUL-04,65011855
863,2,28,01-JUL-16,31063853
864,2,31,01-JAN-10,72502787
865,1,28,19-DEC-05,47253145
866,2,33,01-JUL-06,62505431
867,2,41,01-JUL-00,66787774
868,1,29,26-JUL-12,89694320
869,1,36,08-JUL-10,58850500
870,1,31,17-AUG-09,74407339
871,1,40,01-DEC-95,20393319
872,2,30,01-MAY-12,10313744
873,1,30,01-DEC-06,97029677
874,2,38,01-JUL-03,74346896
875,1,31,01-JUL-09,96361171
876,1,40,01-OCT-00,78831651
877,1,35,01-JUL-06,18841320
878,1,52,01-MAY-80,23034306
879,1,45,01-SEP-92,16288860
880,2,36,15-APR-05,30677626
881,2,45,01-SEP-92,94004270
882,2,27,01-MAY-13,73771548
883,2,30,01-JUN-11,80805991
884,1,36,14-FEB-08,60280222
885,2,27,15-JUL-10,82794438
886,1,26,30-JUN-15,99472253
887,1,46,01-AUG-96,26053307
888,1,53,01-JAN-83,94754761
889,1,27,01-AUG-14,40554173
890,2,47,16-SEP-86,48863445
891,2,26,09-JUN-15,85751105
892,2,30,14-MAR-11,61737291
893,2,37,01-DEC-97,59439957
894,2,24,20-NOV-15,37933432
895,1,52,17-DEC-82,78133897
896,2,27,29-OCT-13,33796993
897,2,25,15-JUL-15,47821325
898,1,31,04-JAN-10,91075172
899,1,36,01-JUL-05,54478682
900,1,30,01-MAY-14,46445702
901,1,31,15-MAR-11,24071579
902,2,44,01-JUL-93,78090807
903,2,31,01-FEB-09,80576635
904,1,26,05-NOV-14,68501054
905,2,31,13-APR-10,80310640
906,1,25,19-JUL-16,66540859
907,1,56,07-NOV-79,84325022
908,2,30,11-MAR-14,91001155
909,1,50,01-OCT-90,98055249
910,1,34,08-JUL-10,71344967
911,1,32,01-NOV-03,22220688
912,2,27,26-FEB-13,36432531
913,2,28,01-JUL-13,52574919
914,2,41,01-NOV-94,25841715
915,1,31,01-SEP-10,18303871
916,1,45,01-AUG-93,56393756
917,1,30,26-SEP-09,99944648
918,2,33,01-JUL-10,28577467
919,1,36,01-AUG-05,16348785
920,2,34,01-SEP-07,95281520
921,2,29,01-APR-11,69891214
922,1,27,19-MAY-15,17150727
923,1,23,28-MAY-14,83975024
924,2,32,01-AUG-12,83757007
925,2,35,01-JUL-10,22577244
926,1,39,15-JUL-04,57651592
927,1,29,22-JUL-11,16454452
928,2,32,18-JUN-13,84995051
929,2,40,14-JUL-01,95080346
930,2,34,01-DEC-05,57490464
931,2,33,29-APR-09,87387798
932,1,29,16-FEB-14,74848925
933,2,34,07-MAR-10,76495202
934,2,49,01-MAY-85,81198071
935,2,26,30-JUN-15,60366715
936,2,31,01-DEC-08,81713807
937,2,31,07-JUL-10,83597623
938,2,25,01-JUL-16,87515171
939,1,28,16-JUL-13,94010660
940,2,27,30-JUN-15,63603138
941,2,36,13-JUL-05,31185267
942,2,33,01-JUL-07,83302069
943,2,23,01-JUL-16,14573325
944,2,46,01-JAN-91,19672029
945,1,24,28-OCT-14,81440267
946,2,36,01-OCT-08,68951256
947,2,29,15-JAN-14,86653906
948,1,28,28-JUL-14,24642609
949,2,41,10-JUL-01,81551019
950,2,43,01-SEP-95,84662069
951,1,28,01-JUL-16,92837515
952,1,35,01-JUL-05,33240947
953,2,30,01-SEP-11,23002415
954,1,31,01-OCT-09,46717528
955,2,28,01-MAY-12,65442163
956,2,25,25-JUL-16,52383205
957,1,29,01-JUN-11,48978225
958,1,34,01-OCT-06,21756864
959,2,30,01-JUN-06,82839150
960,1,31,10-NOV-06,66352278
961,2,28,01-JUN-10,86147203
962,2,32,01-JAN-06,69424950
963,1,30,01-NOV-12,77303255
964,2,28,04-JAN-15,40968470
965,1,36,01-JUL-04,96264745
966,2,27,01-JUL-13,63141629
967,1,25,15-NOV-14,62468360
968,1,30,01-AUG-11,60599728
969,2,31,01-SEP-10,46698970
970,1,47,01-DEC-88,60484541
971,2,31,01-JUL-09,91758145
972,2,31,18-JUN-13,26904899
973,2,27,01-JUL-14,96347588
974,1,39,15-JUL-03,32577198
975,1,27,01-AUG-15,70518051
976,1,33,08-OCT-11,53559407
977,2,29,01-AUG-15,29229711
978,2,26,01-JUL-16,15604986
979,2,37,01-SEP-04,79415521
980,1,33,01-SEP-08,29563290
981,2,36,16-MAR-07,84335785
982,2,35,01-DEC-99,33621877
983,2,47,01-SEP-86,76754381
984,1,27,26-MAY-15,45953831
985,2,30,04-JAN-15,54486322
986,2,48,01-DEC-85,80459788
987,2,26,01-AUG-15,73281366
988,2,31,20-JUN-10,80620746
989,2,26,01-AUG-15,69985173
990,2,28,01-JUL-15,31395064
991,2,32,01-SEP-09,21108527
992,2,27,04-JAN-15,47689639
993,1,28,11-FEB-15,89705798
994,2,32,04-JAN-15,92383471
995,2,25,01-SEP-15,61729215
996,2,25,20-APR-15,96072576
997,1,27,01-AUG-13,17141367
998,2,28,06-JUL-15,21310395
999,1,30,01-JUL-11,28199685
1000,1,32,01-MAR-11,72352444
1001,1,27,01-MAR-12,36190107
1002,2,27,01-JUL-13,66854001
1003,2,26,01-JUL-16,35593898
1004,2,30,01-SEP-11,75063772
1005,2,31,02-MAR-12,95614312
1006,2,31,01-APR-07,89499406
1007,2,28,03-MAY-16,51926976
1008,1,25,08-JUL-15,27458567
1009,2,29,01-JUL-12,99969298
1010,2,36,14-JUL-04,37700345
1011,1,34,01-JAN-06,86545282
1012,2,26,01-SEP-14,58497368
1013,1,25,08-JUL-15,45068030
1014,1,39,01-DEC-03,14416855
1015,1,45,01-NOV-92,62173871
1016,1,36,01-JUL-04,82882390
1017,1,33,13-SEP-07,41243590
1018,1,38,01-JUL-04,72715325
1019,2,30,01-APR-11,59880841
1020,1,29,07-MAR-10,18616033
1021,1,27,28-JUL-14,50596476
1022,1,38,01-SEP-02,26193590
1023,1,42,01-JUN-94,25582090
1024,1,44,01-DEC-92,40942824
1025,1,55,01-MAY-79,84498242
1026,2,27,13-NOV-12,75079180
1027,2,32,01-MAY-09,85239854
1028,1,38,01-APR-10,77902650
1029,1,23,18-NOV-15,48371436
1030,1,35,28-MAY-05,42960042
1031,2,33,16-JUL-13,77459554
1032,2,28,13-APR-12,26987375
1033,2,44,16-APR-94,33469739
1034,1,48,01-JUL-92,58426749
1035,2,36,01-JUL-05,27225371
1036,1,38,01-JUL-04,62163902
1037,2,48,01-JUL-92,64276072
1038,1,33,14-APR-11,69376314
1039,2,28,01-AUG-13,97875249
1040,2,25,26-OCT-15,64412517
1041,1,30,05-JUL-16,63637441
1042,2,29,01-APR-10,81069964
1043,1,32,08-NOV-10,22025074
1044,2,31,01-OCT-09,61194653
1045,1,38,01-SEP-00,78258499
1046,2,27,01-MAR-13,42327359
1047,1,30,01-AUG-11,65061555
1048,1,32,01-JAN-08,67418993
1049,1,35,10-JUL-04,71852739
1050,1,32,01-NOV-08,22710696
1051,2,43,01-JUL-95,18408248
1052,2,37,26-NOV-03,55017192
1053,1,30,08-DEC-14,86033440
1054,1,28,01-JAN-13,61523003
1055,1,24,24-JUN-15,33749336
1056,1,29,08-DEC-14,63945717
1057,2,26,13-JUL-15,95487373
1058,1,28,24-JUN-15,81605946
1059,2,30,01-OCT-14,11711243
1060,1,27,01-JUL-13,67173790
1061,2,26,28-JUL-14,15175537
1062,2,28,08-DEC-14,47258823
1063,2,36,01-MAY-06,72740964
1064,1,53,29-OCT-81,71204291
1065,2,28,12-AUG-14,43120505
1066,2,45,01-JAN-92,34054214
1067,2,31,20-OCT-09,37954386
1068,1,27,01-JUL-13,67347382
1069,1,25,24-JUN-15,12914006
1070,1,30,01-AUG-11,74792882
1071,2,28,01-JUL-12,16981549
1072,2,30,01-JUL-11,25297253
1073,2,31,01-JUL-09,31688672
1074,1,23,01-JUL-15,65811837
1075,2,28,22-AUG-16,50497157
1076,1,27,19-MAY-15,33504659
1077,2,33,01-MAR-07,44677408
1078,1,28,17-JUL-15,53471011
1079,2,26,17-JUL-15,30161480
1080,2,33,01-SEP-04,94977976
1081,1,30,17-JUL-15,10585864
1082,1,37,01-JUL-03,13350873
1083,2,35,13-JUL-05,51220382
1084,1,29,21-MAY-15,50926698
1085,1,31,13-FEB-15,53797176
1086,2,48,01-AUG-86,44650534
1087,1,29,28-AUG-15,98278346
1088,1,30,01-MAY-14,31810738
1089,1,31,01-SEP-08,37725135
1090,1,33,13-DEC-10,86907740
1091,2,30,01-NOV-10,81479687
1092,2,35,01-OCT-07,28444738
1093,1,31,01-JUL-09,98985962
1094,1,34,01-AUG-06,83111564
1095,1,36,01-JAN-08,16491691
1096,1,36,01-JUL-06,89728929
1097,1,34,01-JUL-11,52516391
1098,1,39,01-MAY-98,77163811
1099,1,34,01-AUG-07,92364514
1100,2,31,19-FEB-14,59183446
1101,1,33,01-MAY-08,41592924
1102,1,30,09-OCT-12,35907400
1103,1,41,13-JUL-01,86749937
1104,1,25,07-MAR-13,57749175
1105,1,47,01-AUG-96,54817669
1106,2,34,14-FEB-08,26830940
1107,1,51,01-JUN-88,28266091
1108,1,33,01-DEC-07,79718779
1109,1,31,01-JUL-10,20133361
1110,2,26,06-JUL-15,85646721
1111,1,31,06-MAY-13,90527787
1112,2,30,01-MAR-10,98662751
1113,1,36,01-JUL-09,80086389
1114,2,26,26-JUL-16,86654976
1115,2,25,11-AUG-14,48855089
1116,2,28,08-APR-14,79041857
1117,1,30,01-JUL-11,28118331
1118,1,28,01-JUL-13,43570986
1119,1,37,01-APR-06,11266715
1120,2,50,01-DEC-85,37358788
1121,1,33,18-JUN-13,69969369
1122,1,39,15-JUL-04,91095668
1123,2,36,15-JUL-04,86701863
1124,2,32,01-AUG-07,65739735
1125,1,50,01-APR-93,75053689
1126,1,29,01-SEP-07,31202574
1127,2,40,01-APR-97,76371602
1128,2,31,01-AUG-11,45637604
1129,2,30,01-SEP-11,48557792
1130,2,35,12-OCT-13,77111436
1131,1,28,08-DEC-14,29774900
1132,1,38,01-AUG-99,15582376
1133,2,25,08-DEC-14,78631804
1134,2,29,19-NOV-12,11277692
1135,1,28,08-DEC-14,18643445
1136,1,48,15-AUG-89,53659831
1137,1,29,05-JUL-14,53029960
1138,2,43,01-JUL-97,48910414
1139,2,27,03-SEP-11,25517625
1140,2,39,11-APR-99,61461451
1141,2,39,01-NOV-99,91176816
1142,1,34,01-AUG-11,22154511
1143,2,24,26-JUL-16,22000316
1144,1,30,07-AUG-12,27018897
1145,1,46,01-AUG-94,55325511
1146,2,45,01-JAN-01,29463920
1147,2,47,01-AUG-89,67215847
1148,1,31,13-NOV-12,91680494
1149,2,44,04-JAN-94,89957774
1150,2,29,28-MAR-13,29294896
1151,1,45,01-JUL-91,14902304
1152,1,37,01-JUL-05,70433615
1153,2,31,28-MAR-15,10926882
1154,1,29,01-MAY-13,33876888
1155,1,45,01-SEP-92,84821923
1156,2,26,28-MAR-13,33258274
1157,2,25,19-MAY-15,94345107
1158,2,40,01-JUL-02,81445817
1159,2,27,14-AUG-14,83366333
1160,1,31,01-JUL-10,98852300
1161,1,27,24-JUN-15,80815447
1162,2,24,30-JUN-15,83013248
1163,2,32,01-JUL-11,73801658
1164,2,45,01-JUL-92,33098741
1165,1,25,26-JUL-16,71888050
1166,2,37,01-AUG-04,27813439
1167,1,50,31-DEC-87,26439763
1168,1,41,24-OCT-00,16289867
1169,1,47,01-DEC-91,51827633
1170,2,26,28-JAN-15,83488755
1171,2,29,24-JAN-10,19850747
1172,2,26,08-JUN-15,75700334
1173,1,61,01-DEC-77,22699150
1174,2,37,01-JUN-99,38306758
1175,1,27,16-SEP-14,97979357
1176,1,33,01-JUL-11,75328568
1177,1,47,01-APR-88,40594360
1178,2,29,01-SEP-11,87565300
1179,1,26,30-JUN-15,70043157
1180,1,32,01-MAY-11,66901720
1181,1,27,01-MAR-14,21726232
1182,2,25,01-JUL-16,11202575
1183,2,28,01-JUL-14,17389090
1184,2,26,01-DEC-13,79381008
1185,2,24,01-JUL-16,89069476
1186,2,29,26-JUN-15,42374856
1187,2,24,01-JUL-16,43780097
1188,2,32,01-JUL-10,39872548
1189,2,32,01-JUL-08,27934649
1190,2,46,01-JAN-89,49068043
1191,1,39,15-JUL-03,40390255
1192,2,38,01-AUG-06,15064527
1193,1,36,01-SEP-05,88172548
1194,1,36,01-JUL-03,38120812
1195,1,29,01-NOV-12,46083999
1196,2,31,01-APR-09,61576980
1197,1,30,01-JUL-10,76453650
1198,2,35,01-JUL-09,92822482
1199,2,33,01-JUL-09,15458502
1200,1,31,01-MAR-11,33343158
1201,2,38,01-AUG-01,40389905
1202,2,29,01-NOV-13,56682323
1203,1,32,01-JUL-08,57122170
1204,1,30,26-JUL-12,77321450
1205,1,29,28-JUL-14,22782046
1206,2,28,18-NOV-13,91191370
1207,2,32,18-NOV-13,88854878
1208,1,29,18-NOV-13,95045337
1209,1,28,28-JUL-14,65136469
1210,1,25,08-DEC-14,42651779
1211,1,30,08-DEC-14,81992976
1212,1,26,01-AUG-15,58913703
1213,2,32,24-JAN-10,88015636
1214,2,26,01-AUG-15,43250081
1215,1,36,01-FEB-05,82548913
1216,2,30,04-JAN-15,25383989
1217,2,26,01-JAN-15,37532517
1218,1,36,01-OCT-01,66487660
1219,1,32,01-NOV-04,89697089
1220,1,34,01-SEP-04,28344752
1221,2,31,01-JUL-08,45245225
1222,1,43,01-SEP-09,94913335
1223,2,26,01-JUL-16,55215186
1224,1,28,01-AUG-15,73616329
1225,1,31,01-OCT-09,97873334
1226,1,37,01-AUG-03,84401529
1227,1,35,01-JUL-10,12351492
1228,2,28,03-MAY-16,57631062
1229,1,29,21-JUL-15,19278855
1230,1,35,27-SEP-09,41111368
1231,1,25,23-AUG-13,49297699
1232,1,54,01-DEC-79,87408629
1233,1,29,26-NOV-12,49011340
1234,1,61,01-AUG-79,24241267
1235,1,25,26-FEB-16,53314329
1236,1,27,08-DEC-14,86618049
1237,2,24,07-JUL-17,85888307
1238,1,28,03-MAY-13,82802237
1239,1,26,01-JUL-14,98757636
1240,2,25,22-JAN-18,52757660
1241,2,30,01-JUL-11,96938234
1242,2,35,01-OCT-05,77377761
1243,1,29,01-JUN-12,85586014
1244,2,26,24-JUN-15,84523128
1245,1,32,01-NOV-11,80973688
1246,1,38,01-JUL-01,24733529
1247,1,32,01-SEP-06,82691551
1248,1,42,01-DEC-97,26108925
1249,2,39,01-JUN-04,22499293
1250,2,26,30-JUN-15,31424650
1251,1,33,01-AUG-04,15021674
1252,2,35,01-JUL-07,28342141
1253,1,33,27-SEP-09,84580107
1254,2,39,13-OCT-97,64617753
1255,2,38,30-OCT-08,83827522
1256,1,27,18-MAR-15,94287383
1257,1,31,01-JAN-06,28156458
1258,1,35,07-AUG-06,63451565
1259,2,30,01-JUN-11,79389384
1260,1,41,01-MAY-00,23690743
1261,2,27,24-FEB-16,77681958
1262,1,26,01-JAN-16,81311280
1263,2,33,01-JUL-06,62887686
1264,1,31,01-SEP-10,95877747
1265,2,27,01-JUL-14,94849240
1266,2,28,15-JUL-13,81307490
1267,1,25,24-JUN-15,76013656
1268,1,24,01-JUL-16,77375288
1269,2,29,01-JUN-12,85982466
1270,2,24,01-JUL-16,15549896
1271,2,27,01-AUG-14,67310130
1272,1,24,01-JUL-16,29769531
1273,1,29,01-NOV-13,81195520
1274,1,27,01-JUN-14,10329602
1275,1,27,01-JUN-15,43696166
1276,2,26,01-JUL-12,44031393
1277,2,28,24-JUN-15,46599453
1278,2,28,24-JUN-15,72109354
1279,2,26,01-JUN-15,34292843
1280,2,31,01-SEP-12,50672024
1281,2,30,10-JAN-10,24118859
1282,1,26,25-JUL-16,93705032
1283,1,25,25-JUL-16,61810753
1284,1,55,01-JAN-81,34153591
1285,2,28,01-AUG-13,86268707
1286,2,31,14-APR-11,34899253
1287,1,33,02-JUL-12,62580041
1288,2,26,03-NOV-14,23908624
1289,1,30,01-JUL-12,28967815
1290,2,35,01-JUN-08,84764405
1291,2,55,01-DEC-80,65782544
1292,2,29,01-JUN-12,79297516
1293,1,33,01-SEP-08,38919399
1294,1,35,01-OCT-05,50938472
1295,1,33,01-SEP-06,94148157
1296,1,43,01-AUG-95,33496290
1297,1,52,20-NOV-83,78333834
1298,1,26,04-JAN-15,72074695
1299,1,28,19-JUL-12,42320807
1300,1,49,01-SEP-91,23908916
1301,1,31,16-OCT-12,68116749
1302,1,35,01-MAR-05,56758001
1303,2,28,06-JAN-14,33402395
1304,2,28,01-MAR-14,34977672
1305,2,42,01-JUL-02,36827425
1306,2,29,20-FEB-14,84727768
1307,2,31,01-MAY-12,39551283
1308,1,49,01-OCT-86,92350316
1309,2,26,06-MAY-15,38722905
1310,1,32,08-OCT-09,25841955
1311,1,26,01-AUG-15,61576724
1312,2,32,04-JUN-12,71994303
1313,1,40,01-NOV-96,14650177
1314,2,35,01-SEP-05,81354783
1315,2,27,01-JUN-14,21916274
1316,1,39,01-JUL-02,79413206
1317,1,29,27-MAY-15,12911639
1318,1,25,01-OCT-13,67041286
1319,1,27,19-NOV-15,18721013
1320,1,25,17-NOV-15,48043920
1321,1,34,01-SEP-07,98159493
1322,2,25,01-AUG-15,80689607
1323,1,34,01-AUG-09,98374937
1324,2,30,01-OCT-09,38880310
1325,1,29,01-JUL-09,89494488
1326,1,27,20-JUN-14,80752940
1327,2,29,27-FEB-17,74046288
1328,2,34,01-AUG-11,30833363
1329,2,31,01-MAY-11,19010473
1330,1,49,08-OCT-88,83799294
1331,1,33,01-AUG-06,68702329
1332,2,30,01-APR-10,74519395
1333,2,31,01-SEP-09,54791399
1334,1,27,14-APR-11,82721043
1335,2,36,01-NOV-06,65515411
1336,2,29,22-JAN-16,95839057
1337,2,30,01-JUL-12,63182919
1338,1,26,01-JUL-13,41873756
1339,1,33,01-NOV-12,28054934
1340,2,27,01-MAR-13,94701670
1341,1,30,01-JUL-11,19654059
1342,2,31,01-SEP-12,15172722
1343,1,26,23-FEB-17,27042987
1344,2,48,01-JAN-90,84245651
1345,2,26,01-DEC-14,95245235
1346,2,32,01-FEB-09,65432833
1347,2,26,12-JAN-16,59601108
1348,1,25,16-JAN-17,45164348
1349,2,26,01-JUL-14,41915676
1350,1,30,01-JUL-12,65131302
1351,1,27,12-MAR-14,10941112
1352,1,32,01-AUG-07,24602159
1353,1,35,01-AUG-00,14056716
1354,2,30,01-MAR-12,67259271
1355,1,30,01-SEP-10,10214794
1356,2,46,01-JAN-13,66719204
1357,2,26,06-JUL-17,98569517
1358,1,24,01-NOV-15,61156257
1359,1,38,08-JUN-02,94052758
1360,1,59,01-APR-84,62696237
1361,2,25,17-JUL-15,84125654
1362,2,26,17-JUL-15,81339520
1363,1,24,01-AUG-16,56065308
1364,2,25,03-SEP-15,56014730
1365,2,25,27-JUN-16,20640934
1366,1,23,05-JUL-16,56317027
1367,2,31,01-JUN-10,41067934
1368,2,25,11-OCT-16,74827410
1369,2,27,01-JUL-16,96223853
1370,2,25,01-APR-16,62570289
1371,1,29,01-OCT-10,31916747
1372,2,28,12-AUG-14,62931498
1373,2,25,16-OCT-15,47287838
1374,1,24,18-AUG-17,55000867
1375,1,25,01-JUL-16,78259854
1376,1,27,27-MAR-15,55601446
1377,1,24,01-JUL-16,33988153
1378,1,25,01-JUL-16,71272324
1379,1,27,28-AUG-14,16997530
1380,2,26,17-JUL-15,63430831
1381,2,26,17-JUL-15,63483032
1382,1,28,01-AUG-14,13659641
1383,2,28,01-JUL-13,14914814
1384,2,29,08-DEC-14,38398354
1385,1,25,01-JUL-16,61717764
1386,2,29,01-MAY-10,89417300
1387,1,35,08-DEC-05,77516059
1388,1,35,01-OCT-01,44701778
1389,1,48,01-NOV-90,90641280
1390,1,31,01-MAR-09,11527793
1391,1,33,25-APR-09,91433297
1392,2,27,26-MAR-15,76897666
1393,1,30,09-FEB-12,19229070
1394,1,36,01-JUL-04,98532531
1395,1,37,15-JUL-03,51703352
1396,2,30,01-JUL-16,87464515
1397,1,50,01-JUL-90,63623484
1398,2,31,01-JUL-11,54011983
1399,1,27,01-JAN-13,33299804
1400,1,39,13-JUL-06,71731827
1401,1,28,01-JUL-11,57611730
1402,2,25,01-JUL-15,45794865
1403,1,29,01-MAR-13,34720888
1404,2,35,01-MAR-06,67333748
1405,1,37,01-JUL-03,85650804
1406,1,37,15-JUL-04,74284368
1407,2,25,01-MAR-15,69206721
1408,2,27,01-NOV-15,71509777
1409,1,29,01-JUL-12,55968215
1410,1,26,24-JUN-15,72175064
1411,1,25,01-JUL-15,66910519
1412,1,29,01-JUL-10,23081218
1413,2,24,24-JUN-15,24809166
1414,2,25,24-JUN-15,67711086
1415,2,30,01-JUL-12,42265294
1416,2,26,11-MAR-16,93468543
1417,1,27,28-MAY-15,47565274
1418,1,26,27-AUG-15,96684887
1419,2,26,01-JUL-15,64337064
1420,1,25,01-JUL-14,30562264
1421,1,30,01-OCT-10,20230421
1422,1,27,01-MAR-14,97565134
1423,1,26,01-JUL-13,50829767
1424,1,29,01-JUN-11,17310240
1425,1,36,10-MAY-10,60735701
1426,1,52,01-JUL-85,48609838
1427,1,29,01-JUL-12,21112064
1428,1,32,01-AUG-11,52148606
1429,1,37,01-SEP-04,64206782
1430,1,37,15-JUL-04,95416606
1431,1,34,01-JUL-03,20591018
1432,1,39,01-JAN-98,66408280
1433,1,28,01-FEB-09,19372039
1434,2,30,07-JUL-10,85938344
1435,1,34,11-SEP-07,40485122
1436,2,49,01-JUN-87,84152945
1437,1,30,17-FEB-12,98826462
1438,2,35,01-JUL-02,99881625
1439,2,28,01-JUL-12,25726763
1440,2,29,01-MAR-10,42914979
1441,1,24,30-JUN-15,89942462
1442,1,33,01-JUL-07,49870238
1443,2,34,01-AUG-09,33527720
1444,2,38,16-JUL-03,20384702
1445,2,30,30-JUN-15,15576041
1446,1,28,01-JUL-16,23288907
1447,2,34,01-JUL-08,19590017
1448,1,31,01-MAR-10,73665389
1449,2,26,05-APR-16,23968899
1450,1,32,01-JUL-09,82381388
1451,1,39,01-SEP-02,44398089
1452,2,33,01-AUG-09,39868635
1453,1,43,01-AUG-98,91124128
1454,1,29,14-APR-11,76323988
1455,2,30,01-JUL-12,74266462
1456,1,31,01-JUN-10,12605936
1457,2,33,01-APR-06,32135723
1458,2,30,01-OCT-09,89777503
1459,2,34,01-JAN-11,86627857
1460,1,27,03-JUL-13,37731049
1461,2,27,09-MAY-13,23547638
1462,1,28,01-JUN-13,18208266
1463,2,25,08-DEC-14,86521118
1464,2,27,08-DEC-14,10464197
1465,1,26,08-DEC-14,32431237
1466,1,26,24-JUN-15,70604517
1467,2,26,24-JUN-15,71339481
1468,2,28,08-DEC-14,30417323
1469,1,24,13-JUL-15,41151987
1470,2,27,24-JUN-15,20825766
1471,1,37,01-JUN-05,55857703
1472,1,28,01-JUL-13,14239598
1473,2,28,08-DEC-14,77207465
1474,2,31,01-AUG-08,62330878
1475,2,26,01-MAY-14,30670903
1476,2,43,01-AUG-94,63791186
1477,1,28,16-JUL-13,45655015
1478,2,31,01-APR-11,92165928
1479,1,49,01-JUL-89,21002066
1480,1,22,03-MAY-16,80027887
1481,1,34,23-MAY-07,43906538
1482,2,28,01-NOV-10,10997563
1483,1,28,01-MAR-13,71033026
1484,1,27,01-JUL-12,17133571
1485,1,44,04-JAN-96,51171497
1486,1,36,01-JUL-05,25238408
1487,1,37,01-OCT-97,72011449
1488,1,43,01-MAY-93,41348104
1489,1,28,06-JAN-14,53296550
1490,2,27,04-JAN-15,67704157
1491,2,26,01-AUG-15,57803164
1492,1,31,04-JUL-13,87585754
1493,1,48,01-JUL-92,57862297
1494,1,52,15-JUL-88,52069573
1495,1,30,01-JUL-11,94614434
1496,1,26,01-JUL-14,54687233
1497,2,29,28-FEB-11,15079199
1498,1,31,15-JUN-15,37230431
1499,1,35,04-MAR-05,89907283
1500,1,31,01-NOV-11,65544293
1501,1,32,01-JUL-08,43805270
1502,2,26,24-JUN-15,74924057
1503,1,44,01-AUG-93,15404384
1504,1,28,24-JUN-15,42992475
1505,1,40,01-JUL-05,54683443
1506,1,28,08-DEC-14,15648151
1507,1,36,01-DEC-06,71097372
1508,1,25,26-MAY-15,42587573
1509,2,30,01-OCT-11,21504171
1510,2,25,07-MAR-93,47154006
1511,2,34,01-MAR-11,41007017
1512,1,39,01-JUN-08,76173171
1513,2,24,04-JUL-16,97767590
1514,2,44,04-JAN-16,15852356
1515,2,23,12-JAN-16,36797620
1516,2,30,01-NOV-11,60502163
1517,1,23,01-AUG-16,51360330
1518,1,45,01-SEP-16,62355012
1519,1,28,24-MAR-15,88722939
1520,2,47,01-AUG-96,66161247
1521,1,27,01-JUL-14,19918190
1522,2,24,01-NOV-16,44931313
1523,1,25,17-FEB-17,39066754
1524,1,25,03-JUN-15,14133124
1525,1,31,01-DEC-08,21071487
1526,2,29,01-FEB-11,61258820
1527,1,41,01-JUL-00,25349808
1528,2,27,24-JUN-15,61472128
1529,2,26,05-DEC-16,27737477
1530,1,26,01-JUN-15,47655711
1531,2,23,05-JUL-17,73937239
1532,1,26,01-JUL-16,42618104
1533,2,32,21-AUG-12,38589682
1534,2,29,01-AUG-15,77683557
1535,1,32,01-JUL-09,25800118
1536,2,27,01-AUG-15,33093856
1537,2,27,06-JAN-14,11118462
1538,1,37,01-JUN-05,75017930
1539,1,25,01-AUG-15,82219152
1540,1,28,22-FEB-13,79354499
1541,1,27,04-JAN-15,78493321
1542,2,44,21-JUL-97,95163096
1543,1,37,01-JUL-05,39707889
1544,1,40,01-DEC-97,48938025
1545,1,35,22-OCT-07,51296193
1546,1,34,01-OCT-04,83649309
1547,2,29,01-DEC-10,84366322
1548,1,28,01-APR-14,90000510
1549,1,31,01-APR-11,82111131
1550,1,29,01-NOV-13,96093697
1551,1,29,01-JAN-13,90128017
1552,2,28,24-JUN-15,94544109
1553,2,27,24-JUN-15,94058751
1554,2,26,01-JUN-15,85222982
1555,1,30,01-JUL-12,28937446
1556,1,28,01-APR-15,72607630
1557,2,27,01-SEP-14,12475518
1558,2,28,01-AUG-13,33960179
1559,2,37,01-AUG-05,45344175
1560,1,34,01-SEP-06,67546356
1561,2,38,01-DEC-02,60787524
1562,2,27,25-MAY-16,24814380
1563,1,33,01-JUL-07,54480681
1564,2,39,01-JUL-07,99243075
1565,2,31,01-JUN-10,79620044
1566,2,27,01-JUL-16,77850190
1567,2,34,01-AUG-09,63802100
1568,1,29,01-AUG-12,32216932
1569,1,34,01-JUL-06,73276454
1570,2,29,12-APR-16,44514905
1571,1,30,01-JUL-10,26655436
1572,2,32,01-JUL-10,39892553
1573,1,25,01-AUG-15,35900195
1574,2,26,01-AUG-15,20293211
1575,2,27,03-DEC-12,87019596
1576,2,25,01-AUG-15,68230307
1577,1,32,05-JAN-13,75614667
1578,2,30,14-NOV-14,77310660
1579,1,27,01-AUG-15,29937680
1580,1,33,01-JUL-09,34196013
1581,2,27,01-AUG-15,27838162
1582,1,31,06-MAY-15,80121870
1583,1,25,01-AUG-15,44071979
1584,2,29,01-AUG-15,93300879
1585,1,28,01-JUL-11,46728592
1586,1,28,01-JAN-13,56268445
1587,2,29,28-JUL-14,30243555
1588,2,29,01-JUL-13,40773981
1589,1,26,25-JUL-16,55731705
1590,2,28,25-JUL-16,12786393
1591,2,48,01-AUG-91,55981396
1592,2,32,01-JUN-09,42386632
1593,2,30,14-APR-11,37857921
1594,2,30,13-MAR-13,94354158
1595,1,35,08-NOV-07,60978576
1596,2,47,05-JUL-93,44987560
1597,2,33,01-JUL-07,32988953
1598,1,48,01-JUL-93,45258108
1599,1,48,01-AUG-90,16050948
1600,1,30,21-AUG-12,87425023
1601,1,45,01-JUL-95,45430358
1602,1,30,25-JUL-16,17995457
1603,1,35,01-JUL-08,97179223
1604,2,49,01-AUG-88,96670615
1605,2,39,01-JUL-99,16524381
1606,2,32,23-AUG-12,87807727
1607,2,39,01-AUG-99,18131737
1608,1,26,13-JUN-16,10970461
1609,2,33,24-JAN-10,37033729
1610,1,29,04-JAN-15,58142051
1611,2,25,01-AUG-15,76537495
1612,1,29,01-OCT-11,93822360
1613,2,27,04-JAN-15,57468809
1614,1,28,19-JUL-12,44943551
1615,2,31,01-MAY-10,40338861
1616,2,26,01-AUG-15,82010800
1617,2,39,01-DEC-03,75032071
1618,2,43,01-MAY-94,97306627
1619,2,31,01-JUL-10,29772554
1620,2,46,01-JUL-94,77162318
1621,1,29,01-JUN-14,51655837
1622,1,28,01-AUG-15,51465786
1623,2,28,01-JUL-16,27647039
1624,1,32,01-DEC-10,20012997
1625,1,34,01-JUL-07,18620824
1626,1,30,01-JUL-13,24506175
1627,2,34,10-MAY-10,64105743
1628,2,32,01-JUL-11,26027239
1629,2,33,01-JUN-10,97987885
1630,2,31,01-JUL-14,11648879
1631,1,36,01-AUG-07,10196555
1632,2,36,01-JUN-05,17071634
1633,2,37,01-JUL-03,85625367
1634,1,37,01-AUG-99,32175858
1635,2,35,01-MAY-07,62910172
1636,1,32,01-JUL-11,63552257
1637,1,38,01-JUN-03,53074083
1638,2,41,01-JUN-94,69953012
1639,1,35,01-JUL-05,96854259
1640,1,28,28-JUL-14,96981076
1641,1,33,01-DEC-07,86567642
1642,1,29,18-NOV-13,41881572
1643,2,29,18-NOV-13,42120586
1644,2,29,28-JUL-14,72316361
1645,2,27,08-DEC-14,60066265
1646,2,28,08-DEC-14,70235253
1647,2,27,13-SEP-12,20283744
1648,1,25,24-JUN-15,57603172
1649,1,29,08-DEC-14,23600424
1650,1,27,08-DEC-14,97807221
1651,1,28,24-JUN-15,69398599
1652,2,28,28-JUL-14,57885353
1653,2,29,27-NOV-15,22977881
1654,2,30,01-FEB-09,81404663
1655,2,31,01-JUN-10,49424792
1656,2,29,01-JAN-10,30916246
1657,2,28,08-DEC-14,12872525
1658,1,24,19-MAY-15,89428695
1659,2,30,01-SEP-11,74767464
1660,1,32,01-JUL-09,46014837
1661,1,32,01-JUN-10,80161997
1662,2,35,01-AUG-05,39562526
1663,2,50,01-JUL-83,80483848
1664,2,42,01-JAN-92,93345243
1665,1,32,01-SEP-10,59611499
1666,1,30,01-JUN-11,99093781
1667,1,26,14-APR-15,34336764
1668,1,35,10-MAY-10,99928518
1669,2,31,01-AUG-12,25962622
1670,1,26,28-JUL-14,61706723
1671,2,25,04-JAN-15,98347778
1672,2,32,08-OCT-15,81789305
1673,2,24,21-OCT-16,74399568
1674,2,28,01-JUN-14,32173416
1675,1,27,06-JAN-14,18295885
1676,1,32,01-MAR-10,54652461
1677,2,48,01-SEP-90,32710935
1678,1,30,10-APR-15,24161346
1679,1,43,02-NOV-95,97105141
1680,1,28,01-MAY-13,31913658
1681,1,31,13-MAR-13,48753739
1682,1,38,01-NOV-94,70048638
1683,1,32,01-JAN-09,68254050
1684,2,25,01-AUG-15,27623647
1685,1,34,01-OCT-08,86994893
1686,1,35,01-JUL-05,34001112
1687,1,35,01-MAR-06,48665576
1688,2,36,04-JAN-15,85595587
1689,1,39,01-JUL-01,72854306
1690,2,30,08-DEC-14,61970394
1691,2,26,01-AUG-15,35305027
1692,1,50,01-AUG-91,74543349
1693,2,27,01-JUL-14,21812008
1694,1,32,05-JUN-11,69859905
1695,2,29,28-JUL-14,91045849
1696,2,31,17-JUL-15,23633682
1697,2,29,25-JUL-16,79070922
1698,2,27,25-JUL-16,72698467
1699,2,26,01-JUL-14,53319957
1700,1,38,01-JUL-03,30979742
1701,2,34,01-JUL-06,27160760
1702,1,44,01-JUL-97,26731535
1703,1,28,01-AUG-15,59588790
1704,1,29,01-JAN-10,14826031
1705,2,27,01-AUG-13,35796883
1706,1,37,01-SEP-03,72880122
1707,1,34,01-JUL-10,57347768
1708,1,33,01-JUL-09,57223233
1709,1,27,17-JUL-15,78934628
1710,2,35,01-MAY-10,74366266
1711,1,25,17-JUL-15,76992617
1712,2,30,08-JUL-10,21751281
1713,1,37,01-AUG-04,33041158
1714,1,26,01-AUG-14,13200197
1715,1,31,20-OCT-11,80981318
1716,2,35,01-MAY-05,61481544
1717,2,27,01-JUL-12,29241613
1718,2,27,20-NOV-15,21328722
1719,1,38,01-JUL-05,94834434
1720,1,29,01-OCT-12,83105586
1721,1,30,01-JAN-10,74683141
1722,2,29,01-JUL-16,15622726
1723,1,25,01-JUL-16,14824772
1724,1,31,01-JUL-11,23982643
1725,1,32,03-JUL-09,60106020
1726,1,26,23-JUN-16,96795429
1727,1,31,07-JUL-09,26163774
1728,1,36,01-AUG-05,32489125
1729,1,31,20-NOV-15,34708115
1730,1,30,01-JUL-13,55429965
1731,1,26,01-DEC-11,41477203
1732,1,30,01-DEC-08,46244544
1733,2,29,17-JUL-15,26326443
1734,1,46,01-MAY-94,90694025
1735,1,32,01-OCT-09,44313490
1736,2,29,01-SEP-09,83398972
1737,2,30,08-DEC-14,95780885
1738,2,29,01-JUL-12,39463501
1739,1,46,04-SEP-89,71881378
1740,1,30,10-JUL-13,94585901
1741,2,27,01-JUL-13,14966323
1742,2,29,08-DEC-14,88676625
1743,1,25,08-DEC-14,84366644
1744,2,32,01-MAY-13,31807314
1745,2,56,20-DEC-80,76122221
1746,1,30,08-DEC-14,20257218
1747,1,26,24-JUN-15,64788236
1748,2,26,24-JUN-15,58268039
1749,2,28,08-DEC-14,14393352
1750,2,27,17-AUG-16,68060437
1751,1,27,13-JUL-15,54864656
1752,2,25,18-MAR-16,37742608
1753,1,25,24-JUN-15,98683349
1754,2,46,01-OCT-15,71772964
1755,1,44,01-MAR-15,67457758
1756,1,41,21-MAY-15,11362202
1757,2,28,01-JUN-13,75575494
1758,2,26,08-DEC-14,47787821
1759,2,27,01-JAN-12,38154693
1760,2,27,29-JUN-15,96143023
1761,2,28,08-DEC-14,41985256
1762,2,27,08-DEC-14,61486004
1763,2,28,01-SEP-12,39071517
1764,2,28,18-NOV-13,13826640
1765,2,45,01-JAN-92,87178044
1766,2,29,20-JUN-12,11729098
1767,1,36,01-APR-11,17529383
1768,2,30,01-JUL-11,59029891
1769,2,29,28-FEB-11,73369586
1770,2,29,28-JUL-14,43346911
1771,1,40,01-APR-99,98633944
1772,1,23,21-JUL-15,47316313
1773,2,24,23-SEP-16,92028979
1774,1,25,22-MAR-16,20427915
1775,2,31,01-MAY-12,73573155
1776,2,36,01-JUL-04,91837206
1777,2,35,28-APR-09,17823714
1778,1,30,01-MAR-16,93573642
1779,1,54,31-DEC-85,93055571
1780,2,31,20-MAY-13,28431990
1781,1,30,08-MAR-10,69777853
1782,1,42,01-JUL-97,91580445
1783,1,27,01-JUN-14,14252200
1784,1,25,21-SEP-16,32523908
1785,1,58,01-JUL-80,29204960
1786,2,28,01-APR-15,89164618
1787,2,37,15-JUL-15,60972311
1788,1,52,01-APR-84,79657263
1789,1,32,01-JUL-04,12496865
1790,1,34,01-OCT-10,77410059
1791,1,31,01-OCT-10,88805936
1792,2,26,20-MAR-17,94204138
1793,2,32,03-NOV-08,67919148
1794,1,24,03-JAN-17,19188335
1795,2,25,03-JAN-17,95274834
1796,1,34,01-SEP-08,31766649
1797,1,39,01-JAN-98,16611375
1798,1,24,01-JUN-16,95039533
1799,2,25,06-MAR-17,10796114
1800,1,24,01-SEP-13,33304416
1801,1,34,01-JUL-06,62362229
1802,2,43,01-OCT-93,88771837
1803,1,39,01-JUL-02,14275707
1804,2,32,01-JUL-08,88344929
1805,2,35,01-SEP-07,88156579
1806,1,31,01-DEC-10,31764619
1807,2,26,01-JUN-15,36032374
1808,1,27,27-MAR-17,94513780
1809,2,22,01-NOV-16,42489425
1810,1,42,01-JAN-97,13426586
1811,2,25,01-AUG-15,35413000
1812,2,25,21-JUN-16,29239624
1813,2,31,01-JUL-11,33159921
1814,1,26,01-NOV-89,20555047
1815,1,44,01-AUG-96,27483895
1816,2,24,29-NOV-17,18339333
1817,1,23,18-JUL-18,24525570
1818,2,48,24-AUG-17,61702264
1819,2,30,01-JUL-10,44020818
1820,2,33,11-NOV-06,24531626
1821,2,26,24-APR-17,66533937
1822,1,29,01-APR-14,15567768
1823,2,57,01-AUG-80,33989819
1824,2,29,30-MAY-11,27277239
1825,1,26,01-MAR-14,66424090
1826,2,37,01-JAN-05,16091868
1827,2,40,01-FEB-01,60713474
1828,2,22,23-JUL-18,78792718
1829,2,29,02-JUL-12,79968903
1830,1,40,01-AUG-00,91592486
1831,2,49,09-MAY-18,93582546
1832,1,30,01-APR-15,24843637
1833,1,24,06-JUL-17,79863004
1834,2,23,21-JUL-17,33959684
1835,1,35,01-JAN-06,59365064
1836,2,31,30-JUN-08,36407874
1837,2,29,01-JUN-11,23357562
1838,2,29,01-FEB-12,70350784
1839,2,31,11-AUG-14,50947582
1840,1,35,10-MAY-10,20662486
1841,1,31,22-JUL-11,57609687
1842,1,36,15-JUL-04,70661781
1843,1,30,01-DEC-03,91651879
1844,1,31,22-JUL-11,25683354
1845,2,33,01-SEP-07,80441400
1846,2,44,01-APR-95,55446872
1847,2,25,19-MAY-15,64609092
1848,1,27,19-MAY-15,19784277
1849,1,33,26-APR-09,82780090
1850,1,26,01-JUL-16,98571218
1851,2,27,01-JUL-16,78123847
1852,2,44,01-NOV-94,13572160
1853,2,25,30-JUN-15,57151181
1854,2,46,01-DEC-88,35270085
1855,1,39,01-OCT-07,88439148
1856,2,34,01-JUL-06,19029436
1857,2,46,01-JUL-91,14590167
1858,1,37,05-SEP-04,74382687
1859,1,28,01-JUL-16,47988843
1860,1,29,01-JUN-13,26766981
1861,1,25,01-JUL-16,63456598
1862,2,30,25-APR-09,58356426
1863,2,29,01-JUL-14,22487842
1864,1,29,01-JUL-16,45460414
1865,2,37,01-JUL-02,33600764
1866,1,35,09-JUL-10,71250028
1867,1,47,14-JUN-88,42186522
1868,1,31,08-JUL-10,64362084
1869,2,26,24-JUN-15,16281063
1870,2,24,12-JAN-16,55802064
1871,1,28,01-OCT-14,38985530
1872,2,32,01-AUG-13,83685610
1873,2,25,01-AUG-16,84009151
1874,2,33,25-MAR-07,43191490
1875,1,27,20-JUN-14,26622409
1876,1,25,16-OCT-15,59250599
1877,2,28,01-JUN-15,97591112
1878,1,27,24-JUN-15,50828960
1879,1,30,01-SEP-12,82934591
1880,1,25,12-AUG-15,65911558
1881,2,33,01-MAY-07,50782617
1882,2,34,01-JUL-07,72289364
1883,1,58,01-JAN-77,68136574
1884,1,49,01-DEC-88,51330154
1885,1,31,01-AUG-11,20076127
1886,2,44,01-AUG-95,59484598
1887,2,28,28-JUL-14,70694644
1888,1,24,01-APR-14,55608337
1889,2,31,01-JUL-12,96688003
1890,2,24,01-SEP-16,56393886
1891,2,28,18-NOV-13,29611562
1892,2,29,08-DEC-14,20616205
1893,2,39,01-DEC-03,30469346
1894,2,29,01-JUL-12,71414721
1895,2,25,01-AUG-15,60350554
1896,2,29,01-AUG-12,16649327
1897,1,50,01-DEC-83,16941314
1898,1,22,12-JUL-18,45611297
1899,2,33,07-MAR-13,35215435
1900,2,34,01-DEC-07,93723051
1901,1,25,01-NOV-13,11395959
1902,1,26,24-JUN-15,10588385
1903,1,34,24-APR-09,49835240
1904,1,60,05-APR-75,47014420
1905,2,35,01-FEB-06,88136327
1906,2,24,08-OCT-16,86164172
1907,1,26,04-JAN-16,31730262
1908,1,28,17-JUL-15,90226939
1909,1,30,01-MAY-09,99420490
1910,2,28,01-NOV-12,71186573
1911,1,27,18-APR-16,57187127
1912,1,48,25-SEP-13,78304433
1913,2,41,01-AUG-96,79719422
1914,2,24,21-JUN-17,76786062
1915,2,24,31-AUG-16,19605320
1916,1,29,01-DEC-13,68952942
1917,1,28,01-MAY-12,53262403
1918,2,50,01-MAR-01,76324724
1919,1,27,01-DEC-09,78109595
1920,1,28,01-JAN-15,15868045
1921,1,32,01-NOV-05,18483678
1922,2,29,18-NOV-13,32530638
1923,1,28,08-DEC-14,20496615
1924,1,29,01-JUL-13,28511831
1925,2,28,08-DEC-14,94627536
1926,2,28,23-JAN-15,18490867
1927,2,24,24-JUN-15,91865065
1928,1,35,01-AUG-06,13822089
1929,1,28,24-JUN-15,26616570
1930,2,25,17-JUL-15,57210260
1931,1,31,07-JUL-10,53389596
1932,1,30,01-SEP-13,27587377
1933,2,28,01-APR-13,74141078
1934,2,35,01-MAR-07,58904770
1935,2,31,01-SEP-12,31903294
1936,2,30,01-JUL-11,62697406
1937,2,30,01-FEB-12,75901431
1938,1,26,01-JUL-14,23793223
1939,2,41,04-JAN-01,85843980
1940,1,25,28-JUN-15,60443323
1941,2,31,01-DEC-14,69760609
1942,2,34,08-AUG-08,40172974
1943,1,38,05-AUG-99,41461648
1944,2,32,01-JUN-10,77915933
1945,1,28,01-JUN-16,71708742
1946,1,33,01-AUG-06,70774440
1947,1,28,01-SEP-14,11788182
1948,2,38,13-JUL-03,88560375
1949,1,32,01-JUL-10,47170665
1950,2,30,01-MAY-13,35001996
1951,1,25,01-AUG-15,69849958
1952,2,28,01-SEP-14,26223229
1953,2,35,01-JAN-06,45945919
1954,2,24,01-JUL-16,30073652
1955,1,28,01-AUG-15,10283568
1956,2,43,02-NOV-98,17155689
1957,1,35,14-APR-11,48299379
1958,1,34,01-OCT-09,22379381
1959,1,24,20-JUN-17,28747352
1960,1,31,01-JUL-10,83226153
1961,2,27,01-JUL-16,97458407
1962,2,32,01-JUN-10,84502613
1963,2,35,01-JUL-08,25275600
1964,1,32,01-JUL-09,13484247
1965,1,30,01-OCT-09,87572968
1966,2,25,15-AUG-16,84468143
1967,1,27,01-OCT-15,90754773
1968,2,26,13-JAN-14,31981320
1969,1,35,01-JUL-07,48441955
1970,2,25,01-JUL-16,60862392
1971,2,27,01-DEC-16,80578190
1972,1,55,25-DEC-79,38728700
1973,2,51,01-APR-17,86240940
1974,1,32,28-JUL-14,54411723
1975,2,26,08-DEC-14,98795855
1976,2,46,01-DEC-90,59317592
1977,2,43,01-AUG-94,55104592
1978,2,25,01-JUL-16,89424539
1979,2,32,02-JAN-10,31242714
1980,1,29,18-NOV-13,26924818
1981,1,29,08-DEC-14,71047545
1982,2,27,08-DEC-14,19566301
1983,2,26,08-DEC-14,81932377
1984,1,46,01-AUG-95,78706428
1985,2,35,01-JUL-07,58312535
1986,1,28,14-AUG-12,58567309
1987,1,30,04-MAY-11,65573929
1988,1,27,09-OCT-15,57312647
1989,2,26,24-JUN-15,36720615
1990,1,34,01-JUL-10,93440824
1991,1,27,08-DEC-14,25510821
1992,1,27,01-MAR-14,26311599
1993,1,33,01-JUL-11,48531875
1994,1,23,02-JAN-18,34878782
1995,2,25,08-DEC-14,95560546
1996,1,25,24-JUN-15,36306048
1997,1,42,01-JAN-00,51147448
1998,2,33,03-APR-09,24466747
1999,2,24,27-JUN-17,38295248
2000,1,49,01-DEC-93,31884505
2001,2,25,24-JUL-17,74913044
2002,1,27,01-APR-05,81971039
2003,2,24,01-JUL-16,60522236
2004,2,35,01-JUN-04,50664456
2005,2,22,10-AUG-17,45722975
2006,2,27,01-FEB-13,25301641
2007,2,29,01-JUL-14,58672153
2008,2,28,01-MAR-14,57336090
2009,1,23,05-JUL-17,47410333
2010,1,28,02-MAR-09,57420660
2011,2,23,01-JAN-15,77968968
2012,2,24,15-AUG-17,52451157
2013,1,23,10-JUL-17,19648143
2014,1,40,03-AUG-98,45813760
2015,1,29,21-JUN-12,29223509
2016,2,28,01-JUL-16,34058983
2017,1,36,16-JUL-04,93189174
2018,1,30,15-JUL-10,30729590
2019,2,37,01-SEP-04,46515804
2020,2,33,01-JUL-10,96877159
2021,2,35,01-APR-06,51825454
2022,1,36,01-JUL-05,98370765
2023,1,37,15-JUL-05,24068605
2024,1,35,01-JUN-04,15717955
2025,1,31,01-FEB-11,54676264
2026,2,27,01-JUL-16,37734666
2027,2,36,01-JUL-07,95211815
2028,1,34,01-APR-10,60181489
2029,2,29,11-APR-11,68621781
2030,1,40,01-JUL-02,34998844
2031,2,35,01-DEC-05,87696130
2032,2,33,01-JUL-12,50145499
2033,2,36,01-SEP-06,75938605
2034,1,43,01-AUG-94,25067917
2035,1,36,01-JUL-03,42831650
2036,1,47,01-AUG-90,93632804
2037,2,30,01-AUG-15,33810391
2038,1,29,06-JAN-14,64636334
2039,2,32,01-JUL-09,78334450
2040,1,30,01-DEC-07,46338041
2041,2,29,01-AUG-15,55144697
2042,1,30,09-MAR-15,15942687
2043,2,26,01-AUG-15,74412942
2044,1,49,01-JUL-90,49597692
2045,1,33,22-NOV-10,56814711
2046,2,31,01-AUG-15,18986648
2047,2,31,24-JAN-10,89056593
2048,1,30,11-MAY-15,22202928
2049,1,29,01-JUL-12,64351668
2050,2,31,28-JUL-14,64570542
2051,2,28,01-JUL-13,29512166
2052,2,28,17-JUL-15,55047669
2053,1,24,25-JUL-16,51703144
2054,2,24,11-JUL-16,11657471
2055,2,36,01-JAN-08,83741779
2056,1,26,10-NOV-14,70983219
2057,2,39,01-OCT-03,29334082
2058,2,26,06-NOV-14,70187636
2059,2,36,01-JAN-09,86011762
2060,1,30,01-NOV-09,51739007
2061,1,42,01-DEC-93,60835602
2062,1,52,01-SEP-84,52025999
2063,2,26,11-JUL-16,55953132
2064,2,38,01-JUL-04,22155018
2065,1,32,18-AUG-14,16001780
2066,2,37,01-JUL-04,82139309
2067,1,38,01-JUN-08,80112191
2068,2,33,21-AUG-12,82867520
2069,2,32,25-JAN-10,88205270
2070,1,26,01-AUG-15,42871588
2071,1,31,06-MAY-15,79131454
2072,1,26,25-JUL-16,27385467
2073,2,34,04-JAN-13,50729208
2074,2,27,01-AUG-15,32310674
2075,1,26,01-AUG-15,68851229
2076,2,29,27-JAN-15,77491288
2077,2,25,01-AUG-15,28531343
2078,1,46,01-JUL-94,22160183
2079,1,27,12-NOV-12,57157701
2080,1,53,01-JUL-85,31732785
2081,2,27,01-JUN-14,61937221
2082,1,31,01-FEB-09,48671924
2083,1,27,01-AUG-15,43666451
2084,1,30,02-SEP-15,14313649
2085,1,27,01-AUG-15,60822708
2086,1,30,01-NOV-10,45261718
2087,1,28,27-MAY-15,86755708
2088,1,29,04-JUN-15,47662568
2089,1,28,01-MAR-14,86916260
2090,2,30,01-AUG-15,64751909
2091,1,36,01-JUN-01,11116246
2092,2,35,01-OCT-02,15272043
2093,1,25,09-JUL-18,37694631
2094,2,33,01-MAY-11,27306247
2095,2,28,01-APR-13,25952560
2096,2,25,14-JUL-15,70818630
2097,2,25,01-NOV-12,59840597
2098,2,25,12-SEP-15,59727200
2099,2,23,22-DEC-16,29192035
2100,2,28,01-AUG-15,67878660
2101,2,26,01-JUN-13,38202271
2102,2,22,18-JUL-18,85587624
2103,1,23,07-AUG-17,49955812
2104,2,26,08-DEC-14,37530323
2105,1,31,19-JUL-05,85537348
2106,2,26,20-APR-17,54381291
2107,1,35,01-JUL-05,94087713
2108,1,35,05-MAY-03,75156561
2109,2,30,01-JUN-15,63135443
2110,1,28,30-SEP-11,39634629
2111,2,31,01-JUL-10,86040457
2112,1,32,01-AUG-07,60010544
2113,1,47,01-AUG-92,75754369
2114,1,27,01-SEP-14,39272340
2115,2,18,07-AUG-18,13400082
2116,2,24,13-AUG-18,44545359
2117,1,33,01-JUN-11,28767642
2118,1,23,17-JUL-18,50481066
2119,1,37,14-JUL-17,20970598
2120,1,34,01-JUL-05,55332875
2121,2,28,01-AUG-14,90433441
2122,1,28,01-MAR-13,48953803
2123,1,25,11-JUL-17,31131853
2124,2,31,02-APR-12,39782820
2125,1,44,01-OCT-97,12145255
2126,1,34,01-NOV-03,43974907
2127,2,23,01-NOV-16,88093196
2128,2,24,03-JUL-17,48308493
2129,1,24,01-JUN-17,53333696
2130,2,29,01-MAR-14,98259471
2131,1,33,01-OCT-04,18763665
2132,1,21,06-FEB-18,32315047
2133,2,25,06-AUG-18,37707468
2134,2,26,01-JAN-14,36470543
2135,1,29,01-JUL-12,82469098
2136,1,33,01-JAN-08,41965529
2137,1,30,27-AUG-18,47524271
2138,2,49,14-JUN-10,86386026
2139,2,23,24-JUL-17,20260301
2140,1,35,01-NOV-09,95706834
2141,1,26,01-DEC-09,59014388
2142,1,27,01-JUL-13,12490708
2143,2,35,01-NOV-05,96222917
2144,1,26,01-SEP-15,33066696
2145,2,26,09-JAN-18,20537378
2146,2,36,30-NOV-04,43192561
2147,2,36,01-APR-09,15436734
2148,2,30,13-JAN-14,33596654
2149,2,25,04-JUL-16,94158362
2150,2,22,11-OCT-17,62907344
2151,1,25,01-JUL-16,40360812
2152,2,26,01-OCT-13,14732968
2153,1,24,20-JUN-18,87389622
2154,2,24,24-JUN-15,14598564
2155,1,30,14-APR-11,20011600
2156,1,26,19-MAY-15,15198203
2157,2,28,01-NOV-11,39888020
2158,1,41,01-JUL-99,15888072
2159,1,27,01-JUN-15,76227516
2160,1,34,24-OCT-10,43790217
2161,1,27,01-SEP-13,58122136
2162,2,28,01-JUL-14,80363981
2163,2,29,11-APR-11,41537853
2164,1,24,19-AUG-16,97142238
2165,2,55,01-JAN-15,94433618
2166,1,25,11-JUL-17,67846256
2167,1,24,20-JUN-18,97083925
2168,2,25,01-JUL-15,24558058
2169,1,25,01-JUL-17,52401284
2170,2,28,01-AUG-18,13094030
2171,1,28,01-JUN-16,69780638
2172,2,26,01-JUN-12,24972352
2173,2,35,01-SEP-08,93757463
2174,2,30,01-MAR-10,99921640
2175,1,27,16-MAY-16,72479910
2176,2,32,01-DEC-10,47796765
2177,1,27,01-OCT-10,20634920
2178,2,25,01-AUG-18,62070394
2179,1,34,01-JUL-06,57711270
2180,2,53,01-JUL-85,72381412
2181,1,28,01-JUN-14,66322200
2182,1,27,03-JAN-14,29932170
2183,2,33,01-AUG-06,12655608
2184,1,25,01-JUL-15,68461617
2185,1,28,24-JUN-15,25444208
2186,2,26,01-APR-15,98096100
2187,1,29,01-MAR-12,21584427
