,GUIYDAIH,YNGYJIGO,level
0,001041,601101,1
1,004053,601104,1
2,007020,601129,1
3,015005,601104,0
4,011024,601114,1
5,001062,601138,1
6,015025,600001,1
7,017003,601101,0
8,001624,601143,1
9,001776,601125,1
10,002114,601152,1
11,101089,602102,1
12,101219,602115,1
13,101244,602001,1
14,101218,602116,1
15,101104,602113,1
16,101240,602106,1
17,GD0320,601129,0
18,GD0326,601130,1
19,GS0090,601106,1
20,GS0096,601107,1
21,GD0332,601131,1
22,GS0102,601108,1
23,GD0338,601131,0
24,GS0108,601108,0
25,GD0344,602001,0
26,GS0114,601109,1
27,GD0350,602001,0
28,GD0356,602101,1
29,GS0120,601109,0
30,GD0472,602101,0
31,ED0050,688007,1
32,GD0478,602101,0
33,GS0005,600001,0
34,GD0364,602102,0
35,GS0011,601001,1
36,GD0370,602102,0
37,GS0017,601001,0
38,GD0376,602103,1
39,GS0023,601101,0
40,GD0382,602104,1
41,GS0029,601101,0
42,GD0388,602104,0
43,GD0394,602105,1
44,GD0400,602105,0
45,GS0035,601102,1
46,GD0406,602106,0
47,GS0041,601103,1
48,GS0047,601103,0
49,GD0412,602107,1
50,GS0053,601104,0
51,GS0059,601104,0
52,GS0075,601105,1
53,GD0418,602107,0
54,GS0080,601105,0
55,GD0371,602103,0
56,GD0217,601119,1
57,GD0223,601120,1
58,GD0377,602103,0
59,GD0229,601120,0
60,GD0383,602104,0
61,GD0011,601001,0
62,GD0389,602104,0
63,GD0017,601001,0
64,GD0395,602105,0
65,GD0023,601101,0
66,GD0401,602106,0
67,GD0029,601101,0
68,GD0407,602106,0
69,GD0455,601101,0
70,GD0413,602107,0
71,GD0461,601101,0
72,GD0419,602107,0
73,GD0467,601101,0
74,GD0033,601102,0
75,GD0425,603001,1
76,GD0039,601102,0
77,GD0431,603101,1
78,GD0045,601103,0
79,GD0437,603101,0
80,GD0051,601104,0
81,GD0483,603101,0
82,GD0057,601104,0
83,GD0489,603101,0
84,GD0073,601105,0
85,GD0445,603102,1
86,IC0038,688008,1
87,IC0001,688008,0
88,IC0044,688008,0
89,IC0007,688008,0
90,IC0050,688008,0
91,IC0013,688008,0
92,YY0006,688004,1
93,IC0019,688008,0
94,YL0001,600001,0
95,IC0025,688008,0
96,YL0007,600001,0
97,IC0031,688008,0
98,PS0003,688001,1
99,IB0049,688009,1
100,PS0008,688001,0
101,AU1005,688004,0
102,PS0014,688001,0
103,AU1011,688004,0
104,PS0020,688001,0
105,AU2001,688004,0
106,YX0001,600001,0
107,XY0005,688004,0
108,YX1104,601104,0
109,XY0011,688004,0
110,YX1110,601110,1
111,ED0005,688007,0
112,GD0562,601116,1
113,ED0011,688007,0
114,GD0278,601125,0
115,ED0017,688007,0
116,GD0284,601126,1
117,ED0023,688007,0
118,GD0290,601126,0
119,ED0029,688007,0
120,GD0296,601127,1
121,ED0035,688007,0
122,GD0302,601128,1
123,ED0041,688007,0
124,GD0308,601128,0
125,GS0084,601106,0
126,GD0314,601129,0
127,010068,601108,0
128,011047,601111,1
129,002115,601113,1
130,014020,601111,0
131,001834,601104,0
132,004059,601104,0
133,004088,601104,0
134,007055,601108,0
135,001619,601123,1
136,001225,601101,0
137,001328,601102,0
138,002041,601103,0
139,003040,601102,0
140,005060,601111,0
141,006035,601106,0
142,008035,601108,0
143,009051,601109,0
144,010044,601110,0
145,IN0032,688005,1
146,IN0038,688005,0
147,IN0044,688005,0
148,IN0050,688005,0
149,GD0083,601106,0
150,GD0089,601106,0
151,GD0095,601107,0
152,GD0101,601108,0
153,GD0107,601108,0
154,GD0113,601109,0
155,GD0119,601109,0
156,GD0125,601110,0
157,GD0131,601111,0
158,GD0137,601111,0
159,GD0143,601112,1
160,GD0149,601112,0
161,GD0155,601113,0
162,GD0239,601121,1
163,GD0245,601122,1
164,GD0251,601123,0
165,GD0257,601123,0
166,GD0263,601124,1
167,GD0269,601124,0
168,GD0158,601113,0
169,GD0164,601114,0
170,GD0170,601114,0
171,GD0176,601115,1
172,GD0182,601116,0
173,GD0188,601116,0
174,GD0194,601117,1
175,GD0200,601117,0
176,GD0206,601118,1
177,GD0212,601119,0
178,GD0218,601119,0
179,GD0224,601120,0
180,GD0230,601120,0
181,GD0012,601001,0
182,GD0082,601106,0
183,GD0018,601001,0
184,GD0088,601106,0
185,GD0024,601101,0
186,GD0094,601107,0
187,GD0030,601101,0
188,GD0100,601107,0
189,GD0456,601101,0
190,GD0106,601108,0
191,GD0462,601101,0
192,GD0112,601109,0
193,GD0468,601101,0
194,GD0034,601102,0
195,GD0040,601102,0
196,GD0046,601103,0
197,GD0052,601104,0
198,GD0058,601104,0
199,GD0074,601105,0
200,IC0039,688008,0
201,IC0045,688008,0
202,YY0001,688004,0
203,YY0007,688004,0
204,YL0002,600001,0
205,YL0008,600001,0
206,PS0004,688001,0
207,PS0009,688001,0
208,PS0015,688001,0
209,GD0118,601109,0
210,PS0021,688001,0
211,GD0124,601110,0
212,YX1001,601001,0
213,GD0130,601110,0
214,YX1105,601105,0
215,GD0136,601111,0
216,YX1111,601111,0
217,GD0142,601112,0
218,GD0273,601125,0
219,GD0148,601112,0
220,GD0279,601125,0
221,GD0154,601113,0
222,GD0285,601126,0
223,GD0238,601121,0
224,GD0291,601127,0
225,GD0244,601122,0
226,GD0297,601127,0
227,GD0250,601122,0
228,GD0303,601128,0
229,GD0256,601123,0
230,GD0309,601128,0
231,GD0262,601124,0
232,GD0315,601129,0
233,GD0268,601124,0
234,GD0321,601130,0
235,GD0157,601113,0
236,GD0327,601130,0
237,GD0163,601114,0
238,GD0333,601131,0
239,GD0169,601114,0
240,GD0339,601131,0
241,GD0175,601115,0
242,GD0345,602001,0
243,GD0181,601116,0
244,GD0351,602101,0
245,GD0187,601116,0
246,GD0357,602101,0
247,GD0193,601117,0
248,GD0473,602101,0
249,GD0199,601117,0
250,GD0479,602101,0
251,GD0205,601118,0
252,GD0365,602102,0
253,GD0211,601119,0
254,011041,601101,0
255,001562,601113,0
256,002260,601113,0
257,002142,601101,0
258,004029,601153,1
259,004073,601115,0
260,001853,601107,0
261,001615,601112,0
262,001384,601154,1
263,001309,601101,0
264,001592,601101,0
265,002048,601107,0
266,101118,601103,0
267,001203,601109,0
268,007054,601107,0
269,008042,601108,0
270,015022,601148,1
271,004063,601108,0
272,003037,601103,0
273,005044,601115,0
274,008028,601102,0
275,010037,601111,0
276,001424,601112,0
277,015011,601106,0
278,016016,601116,0
279,001443,601119,0
280,021004,601124,0
281,002111,601119,0
282,101079,602001,0
283,101154,602103,0
284,101235,602113,0
285,101144,602114,1
286,101246,602101,0
287,101206,602108,1
288,101145,602104,0
289,101220,602112,1
290,201050,603101,0
291,201082,603101,0
292,010024,601110,0
293,001779,601125,0
294,004045,601104,0
295,009038,601109,0
296,001051,601101,0
297,005053,601105,0
298,001097,601104,0
299,001355,601112,0
300,016001,601116,0
301,003006,601148,0
302,101021,602101,0
303,001324,601002,1
304,201062,603001,0
305,201021,600001,0
306,101091,602103,0
307,001282,601111,0
308,010015,601110,0
309,101004,601127,0
310,101117,602102,0
311,006046,601108,0
312,015009,601115,0
313,014018,601124,0
314,001538,601118,0
315,004021,601124,0
316,101060,602101,0
317,101034,602102,0
318,101135,602117,1
319,ZJ0001,688002,1
320,ZJ0007,688002,0
321,ZJ0013,688002,0
322,ZJ0019,688002,0
323,ZJ0025,688002,0
324,ZJ0031,688002,0
325,ZJ0037,688002,0
326,ZJ0043,688002,0
327,ZJ0049,688002,0
328,TP0005,688010,1
329,900001,688011,1
330,B99990,600001,0
331,GD0004,600001,0
332,101194,602114,0
333,001840,600001,0
334,201106,603001,0
335,001070,600001,0
336,AT1085,601101,0
337,AT1091,601101,0
338,AT1097,601101,0
339,AT1001,601102,0
340,AT1006,601104,0
341,AT1012,601105,0
342,AT1018,601107,0
343,AT1024,601109,0
344,AT1030,601112,0
345,AT1036,601112,0
346,AT1042,601123,0
347,AT1048,601113,0
348,AT1054,601113,0
349,AT1060,601115,0
350,AT1066,601117,0
351,AT1072,601119,0
352,AT1078,601125,0
353,AT1105,601127,0
354,AT2005,602101,0
355,AT2008,602102,0
356,AT2014,602104,0
357,AT2020,602106,0
358,AT3005,603102,0
359,DH0006,688006,1
360,IN0002,688005,0
361,IN0008,688005,0
362,IN0014,688005,0
363,IN0020,688005,0
364,IN0026,688005,0
365,009012,601109,0
366,011012,601114,0
367,001353,601113,0
368,015021,601115,0
369,016021,601116,0
370,001623,601119,0
371,101151,601110,0
372,002113,601113,0
373,101087,602107,0
374,101217,602117,0
375,101241,602115,0
376,101186,602109,1
377,101249,602103,0
378,101239,602108,0
379,101238,602105,0
380,008014,601111,0
381,016018,601116,0
382,101234,602002,1
383,004049,601104,0
384,014010,601114,0
385,001343,601126,0
386,008010,601131,0
387,004012,601114,0
388,101030,602103,0
389,101020,602106,0
390,101086,602113,0
391,001025,601101,0
392,ZJ0006,688002,0
393,ZJ0012,688002,0
394,ZJ0018,688002,0
395,ZJ0024,688002,0
396,ZJ0030,688002,0
397,ZJ0036,688002,0
398,ZJ0042,688002,0
399,ZJ0048,688002,0
400,TP0004,688010,0
401,TP0010,688010,0
402,980001,600001,0
403,GD0003,600001,0
404,GD0009,600001,0
405,001262,600001,0
406,201034,603001,0
407,010060,601110,0
408,011043,601106,0
409,001593,601130,0
410,014004,601114,0
411,001831,601104,0
412,004055,601104,0
413,004082,601153,0
414,007035,601106,0
415,001618,601112,0
416,001832,601117,0
417,001327,601101,0
418,002021,601002,0
419,003038,601103,0
420,005058,601105,0
421,006010,601002,0
422,008025,601002,0
423,009039,601109,0
424,010039,601110,0
425,201013,603102,0
426,004028,601128,0
427,011037,601144,1
428,001558,601113,0
429,002259,601113,0
430,001392,601101,0
431,001882,601104,0
432,004069,601104,0
433,001208,601107,0
434,001614,601112,0
435,014035,601114,0
436,001240,601101,0
437,001552,601110,0
438,002047,601111,0
439,003044,601103,0
440,005063,601105,0
441,014019,601109,0
442,008041,601107,0
443,009062,601122,0
444,001539,601118,0
445,002007,601102,0
446,002006,601110,0
447,010011,601105,0
448,010023,601105,0
449,001368,601112,0
450,014029,601129,0
451,016015,601136,1
452,017008,601118,0
453,021002,601124,0
454,002110,601105,0
455,001901,601145,1
456,101150,602001,0
457,101231,602101,0
458,101142,602107,0
459,101243,602110,1
460,101205,602111,1
461,101136,602109,0
462,101190,602111,0
463,101025,601106,0
464,001017,600001,0
465,AT1084,601101,0
466,AT1090,601101,0
467,AT1096,601101,0
468,AT1102,601104,0
469,AT1005,601103,0
470,AT1011,601104,0
471,AT1017,601107,0
472,AT1023,601109,0
473,AT1029,601111,0
474,AT1035,601112,0
475,AT1041,601123,0
476,AT1047,601113,0
477,AT1053,601113,0
478,AT1059,601115,0
479,AT1065,601116,0
480,AT1071,601118,0
481,AT1077,601124,0
482,AT1104,601127,0
483,AT2004,602101,0
484,AT2007,602102,0
485,AT2013,602104,0
486,AT2019,602106,0
487,AT3004,603102,0
488,DH0005,688006,0
489,IN0001,688005,0
490,IN0007,688005,0
491,IN0013,688005,0
492,IN0019,688005,0
493,IN0025,688005,0
494,IN0031,688005,0
495,IN0037,688005,0
496,IN0043,688005,0
497,IN0049,688005,0
498,201009,603101,0
499,201077,603106,1
500,009004,601110,0
501,004051,601124,0
502,004042,601108,0
503,007041,601107,0
504,001415,601139,1
505,004004,601111,0
506,008012,601108,0
507,011001,601111,0
508,015002,601115,0
509,001378,601146,1
510,101066,602110,0
511,001136,601002,0
512,101017,600001,0
513,001835,600001,0
514,101098,602102,0
515,201010,603001,0
516,101141,602104,0
517,011022,601151,1
518,101248,602108,0
519,201107,603106,0
520,101013,601103,0
521,017007,601115,0
522,001412,601113,0
523,002101,601127,0
524,002258,601130,0
525,005048,601125,0
526,010069,601110,0
527,001344,601113,0
528,001842,601104,0
529,001057,601103,0
530,004066,601128,0
531,004096,601104,0
532,001380,601112,0
533,001030,601108,0
534,001621,601112,0
535,010031,601109,0
536,001229,601101,0
537,014025,601114,0
538,001393,601101,0
539,001505,601118,0
540,002044,601102,0
541,002153,601126,0
542,003043,601117,0
543,201072,603001,0
544,005062,601142,1
545,001825,601101,0
546,006047,601106,0
547,201071,603101,0
548,101113,602001,0
549,101068,602114,0
550,008040,601115,0
551,007039,601107,0
552,009052,601101,0
553,001413,601113,0
554,015016,601124,0
555,101103,602116,0
556,001045,601102,0
557,002037,601102,0
558,010042,601110,0
559,011021,601111,0
560,007021,601107,0
561,001541,601118,0
562,010020,601110,0
563,008032,601135,1
564,001367,601146,0
565,001448,601119,0
566,014021,601114,0
567,001149,601127,0
568,015028,601110,0
569,101102,602101,0
570,017004,601118,0
571,101018,602102,0
572,004076,601148,0
573,201011,603104,1
574,001886,601106,0
575,ZJ0004,688002,0
576,001792,601127,0
577,ZJ0010,688002,0
578,101106,602117,0
579,ZJ0016,688002,0
580,ZJ0022,688002,0
581,ZJ0028,688002,0
582,ZJ0034,688002,0
583,ZJ0040,688002,0
584,101225,602109,0
585,ZJ0046,688002,0
586,101247,602101,0
587,TP0002,688010,0
588,101230,602103,0
589,TP0008,688010,0
590,101149,602106,0
591,900004,688014,1
592,101109,602117,0
593,GD0001,600001,0
594,GD0007,600001,0
595,001224,600001,0
596,101159,602101,0
597,101262,602110,0
598,201118,603102,0
599,006004,601106,0
600,001620,601112,0
601,004011,601128,0
602,007034,601107,0
603,001400,601130,0
604,010038,601104,0
605,001043,601108,0
606,001077,601105,0
607,014006,601115,0
608,001383,601119,0
609,009045,601127,0
610,201033,603102,0
611,101146,602002,0
612,001508,600001,0
613,101188,602001,0
614,101009,602112,0
615,DH0010,688006,0
616,IN0006,688005,0
617,IN0012,688005,0
618,IN0018,688005,0
619,IN0024,688005,0
620,IN0030,688005,0
621,IN0036,688005,0
622,IN0042,688005,0
623,IN0048,688005,0
624,GD0081,601106,0
625,GD0087,601106,0
626,GD0093,601107,0
627,GD0099,601107,0
628,GD0105,601108,0
629,GD0111,601109,0
630,GD0117,601109,0
631,GD0123,601110,0
632,GD0129,601110,0
633,GD0135,601111,0
634,GD0141,601112,0
635,GD0147,601112,0
636,GD0153,601113,0
637,GD0237,601121,0
638,GD0243,601122,0
639,GD0249,601122,0
640,GD0255,601123,0
641,GD0261,601124,0
642,GD0267,601124,0
643,GD0156,601113,0
644,GD0162,601114,0
645,GD0168,601114,0
646,GD0174,601115,0
647,GD0180,601115,0
648,GD0186,601116,0
649,GD0192,601117,0
650,GD0198,601117,0
651,008002,601108,0
652,016012,601135,0
653,101224,602002,0
654,003008,601103,0
655,001369,601123,0
656,001373,601143,0
657,001207,601115,0
658,001626,601146,0
659,101031,601145,0
660,101271,602109,0
661,101174,602106,0
662,001018,601002,0
663,ZJ0005,688002,0
664,ZJ0011,688002,0
665,ZJ0017,688002,0
666,ZJ0023,688002,0
667,ZJ0029,688002,0
668,ZJ0035,688002,0
669,ZJ0041,688002,0
670,ZJ0047,688002,0
671,TP0003,688010,0
672,TP0009,688010,0
673,900005,688015,1
674,GD0002,600001,0
675,GD0008,600001,0
676,007022,600001,0
677,001007,603001,0
678,011018,600001,0
679,AT1088,601101,0
680,001227,600001,0
681,201027,603001,0
682,001137,603107,1
683,AT1083,601101,0
684,AT1089,601101,0
685,AT1095,601101,0
686,AT1101,601101,0
687,AT1004,601103,0
688,AT1010,601104,0
689,AT1016,601107,0
690,AT1022,601108,0
691,AT1028,601111,0
692,AT1034,601112,0
693,AT1040,601112,0
694,AT1046,601113,0
695,AT1052,601113,0
696,AT1058,601115,0
697,AT1064,601116,0
698,AT1070,601118,0
699,AT1076,601124,0
700,AT1082,601126,0
701,AT2003,602101,0
702,AT2024,602002,0
703,AT2012,602103,0
704,AT2018,602105,0
705,AT3003,603101,0
706,DH0004,688006,0
707,YD2011,602108,0
708,YD2017,602110,0
709,YD2023,602104,0
710,YD2029,602117,0
711,YD2035,602106,0
712,YD2041,602106,0
713,333323,600001,0
714,333333,600001,0
715,001804,601101,0
716,001688,601101,0
717,001984,601119,0
718,201217,603101,0
719,101192,602101,0
720,102015,602115,0
721,YD1002,601101,0
722,YD1008,601102,0
723,YD1014,601104,0
724,YD1020,601105,0
725,YD1026,601106,0
726,YD1032,601106,0
727,YD1038,601106,0
728,GS0438,603101,0
729,GS0444,603102,0
730,GS0450,603102,0
731,LC0001,688014,0
732,LC0006,688014,0
733,CC0003,688017,1
734,YD1044,601106,0
735,YD1050,601109,0
736,YD1056,601133,1
737,YD1062,601111,0
738,YD1068,601112,0
739,YD1074,601113,0
740,YD1080,601113,0
741,YD1141,601111,0
742,YD1147,601111,0
743,YD1153,601120,0
744,YD1162,601106,0
745,101245,602109,0
746,YD1169,601106,0
747,001350,601123,0
748,YD2077,602109,0
749,101041,602111,0
750,201035,603101,0
751,001249,601101,0
752,001152,600001,0
753,201004,601102,0
754,001788,600001,0
755,YD1117,601118,0
756,002220,601105,0
757,016034,601116,0
758,001179,600001,0
759,YD1130,601112,0
760,YD1122,601116,0
761,001430,601113,0
762,YD1135,601133,0
763,201144,603101,0
764,002035,601102,0
765,001073,600001,0
766,YD2053,602104,0
767,GS0124,601110,0
768,GS0130,601110,0
769,GS0136,601111,0
770,GS0142,601112,0
771,GS0148,601112,0
772,GS0154,601113,0
773,GS0160,601113,0
774,GS0166,601114,0
775,GS0172,601115,0
776,GS0178,601115,0
777,GS0184,601116,0
778,GS0190,601116,0
779,GS0196,601117,0
780,GS0202,601118,0
781,GS0208,601118,0
782,GS0214,601119,0
783,GS0220,601119,0
784,GS0226,601120,0
785,GS0231,601121,0
786,GS0237,601121,0
787,GS0243,601122,0
788,GS0249,601122,0
789,GS0255,601123,0
790,GS0261,601124,0
791,GS0267,601124,0
792,GS0273,601125,0
793,GS0279,601125,0
794,GS0285,601126,0
795,GS0291,601127,0
796,GS0297,601127,0
797,GS0303,601128,0
798,GS0309,601128,0
799,GS0315,601129,0
800,GS0321,601130,0
801,GS0327,601130,0
802,GD0424,603001,0
803,GD0430,603001,0
804,GD0436,603101,0
805,GD0482,603101,0
806,GD0488,603101,0
807,GD0444,603102,0
808,GD0450,603102,0
809,IC0006,688008,0
810,IC0012,688008,0
811,IC0018,688008,0
812,IC0024,688008,0
813,IC0030,688008,0
814,IC0036,688008,0
815,AU1004,688004,0
816,AU1010,688004,0
817,AU1016,688004,0
818,XY0004,688004,0
819,XY0010,688004,0
820,ED0004,688007,0
821,ED0010,688007,0
822,ED0016,688007,0
823,ED0022,688007,0
824,ED0028,688007,0
825,ED0034,688007,0
826,ED0040,688007,0
827,ED0046,688007,0
828,GS0089,601106,0
829,GS0095,601107,0
830,GS0101,601108,0
831,GS0107,601108,0
832,GS0113,601109,0
833,GS0119,601109,0
834,ED0049,688007,0
835,GS0004,600001,0
836,GS0010,600001,0
837,GS0016,601001,0
838,GS0022,601101,0
839,GS0028,601101,0
840,GS0034,601102,0
841,GS0040,601102,0
842,GS0046,601103,0
843,GS0052,601104,0
844,GS0058,601104,0
845,GS0074,601105,0
846,011035,601121,0
847,YX1117,601117,0
848,YX1123,601123,0
849,YX1129,601129,0
850,YX2102,602102,0
851,YX3001,603001,0
852,IB0002,688009,0
853,IB0008,688009,0
854,IB0014,688009,0
855,IB0020,688009,0
856,IB0026,688009,0
857,IB0032,688009,0
858,IB0038,688009,0
859,IB0044,688009,0
860,GS0358,602101,0
861,GS0364,602102,0
862,GS0370,602102,0
863,GS0376,602103,0
864,GS0382,602104,0
865,GS0388,602104,0
866,GS0394,602105,0
867,GS0400,602105,0
868,GS0406,602106,0
869,GS0412,602107,0
870,GS0418,602107,0
871,GS0424,603001,0
872,GS0430,603001,0
873,YX1118,601118,0
874,YX1124,601124,0
875,YX1130,601130,0
876,YX2103,602103,0
877,YX3002,603002,1
878,IB0003,688009,0
879,IB0009,688009,0
880,IB0015,688009,0
881,IB0021,688009,0
882,IB0027,688009,0
883,IB0033,688009,0
884,IB0039,688009,0
885,IB0045,688009,0
886,GS0359,602101,0
887,GS0365,602102,0
888,GS0371,602103,0
889,GS0377,602103,0
890,GS0383,602104,0
891,GS0389,602104,0
892,GS0395,602105,0
893,GS0401,602106,0
894,GS0407,602106,0
895,GS0413,602107,0
896,GS0419,602107,0
897,GS0425,603001,0
898,GS0431,603101,0
899,GS0125,601110,0
900,GS0131,601111,0
901,GS0137,601111,0
902,GS0143,601112,0
903,GS0149,601112,0
904,GS0155,601113,0
905,GS0161,601114,0
906,GS0167,601114,0
907,GS0173,601115,0
908,GS0179,601115,0
909,GS0185,601116,0
910,GS0191,601117,0
911,GS0197,601117,0
912,GS0203,601118,0
913,GS0209,601118,0
914,GS0215,601119,0
915,GS0221,601120,0
916,GS0227,601120,0
917,GS0232,601121,0
918,GS0238,601121,0
919,GS0244,601122,0
920,GS0250,601122,0
921,GS0256,601123,0
922,GS0262,601124,0
923,GS0268,601124,0
924,GS0274,601125,0
925,GS0280,601125,0
926,GS0286,601126,0
927,GS0292,601127,0
928,GS0298,601127,0
929,GS0304,601128,0
930,GS0310,601128,0
931,GS0316,601129,0
932,GS0322,601130,0
933,GS0328,601130,0
934,GS0334,601131,0
935,GS0340,601131,0
936,GS0346,602001,0
937,GS0352,602101,0
938,YD1085,601114,0
939,YD1091,601116,0
940,YD1097,601117,0
941,YD1103,601122,0
942,YD1109,601124,0
943,YD1115,601126,0
944,YD2005,602113,0
945,008056,601115,0
946,110301,600001,0
947,016041,601135,0
948,AT1144,601141,1
949,YD1229,601113,0
950,YD1140,601127,0
951,YD3006,603106,0
952,YD1146,601111,0
953,DZ0004,601108,0
954,YD1152,601117,0
955,DZ0010,601108,0
956,YD1161,601106,0
957,DZ0016,601108,0
958,YD1167,601118,0
959,DZ0022,601108,0
960,YD1168,601106,0
961,DZ0028,601108,0
962,001107,600001,0
963,DZ0034,601108,0
964,YD2076,602109,0
965,DZ0040,601108,0
966,002188,600001,0
967,DZ0046,601108,0
968,101160,602101,0
969,TZ0002,688023,1
970,001323,601101,0
971,TZ0008,688023,0
972,010056,601141,0
973,TZ0014,688023,0
974,007043,601107,0
975,TZ0020,688023,0
976,001029,600001,0
977,TZ0026,688023,0
978,101277,602002,0
979,AT2029,602109,0
980,YD1126,601111,0
981,YD2046,602101,0
982,YD2068,602101,0
983,YD1228,601142,0
984,AT2026,602108,0
985,AT1116,601111,0
986,101052,602106,0
987,GD0515,602111,0
988,GD0521,602110,0
989,GD0527,602110,0
990,GD0533,602108,0
991,001356,601124,0
992,YD1196,601103,0
993,AT1117,601112,0
994,101157,602110,0
995,AT3009,603104,0
996,AT1122,601139,0
997,YD1199,601109,0
998,AT3012,603101,0
999,AT1132,601101,0
1000,VT1007,601133,0
1001,VT1008,601109,0
1002,AT2034,602111,0
1003,AT1114,601130,0
1004,001033,601129,0
1005,GD0540,602108,0
1006,AT1128,601116,0
1007,VT1010,601135,0
1008,AT1129,601133,0
1009,VT1014,601134,1
1010,VT1018,601110,0
1011,YD2049,602103,0
1012,101242,602114,0
1013,002221,601105,0
1014,101193,602101,0
1015,YD2052,602103,0
1016,002146,601131,0
1017,YD1129,601112,0
1018,HW0046,601102,0
1019,YD1206,601111,0
1020,YD1121,601105,0
1021,TZ0028,688023,0
1022,101099,602107,0
1023,TZ0034,688023,0
1024,YD1134,601115,0
1025,TZ0040,688023,0
1026,TZ0046,688023,0
1027,201142,603104,0
1028,YD1212,601132,1
1029,004104,601104,0
1030,101196,602002,0
1031,001551,600001,0
1032,YD3007,603101,0
1033,YD1125,601127,0
1034,SQ0005,601134,0
1035,YD2063,602107,0
1036,AT1139,601135,0
1037,AT2028,602109,0
1038,110043,601117,0
1039,014022,601114,0
1040,001676,601109,0
1041,YD2093,602112,0
1042,YD2045,602101,0
1043,YD2097,602105,0
1044,YD2067,602101,0
1045,YD1215,601127,0
1046,YD2073,602115,0
1047,001289,600001,0
1048,AT2025,602108,0
1049,AT1147,601142,0
1050,014027,601105,0
1051,YD1218,601101,0
1052,101276,602111,0
1053,YD1246,601146,0
1054,GD0514,602111,0
1055,SJ0043,688021,1
1056,GD0520,602111,0
1057,SJ0049,688021,0
1058,GD0526,602110,0
1059,GD0532,602108,0
1060,004031,601124,0
1061,SQ1003,603106,0
1062,YD1195,601103,0
1063,004105,601104,0
1064,004102,601104,0
1065,YD1239,601119,0
1066,GD0534,602108,0
1067,YD1258,601118,0
1068,AT3008,603104,0
1069,YD1268,601112,0
1070,AT1121,601139,0
1071,YD1198,601109,0
1072,AT3011,603101,0
1073,VT1003,601143,0
1074,VT1006,601101,0
1075,YD3003,603101,0
1076,AT2033,602111,0
1077,AT1113,601130,0
1078,YD1181,601112,0
1079,GD0539,602108,0
1080,AT1127,601116,0
1081,VT1002,601132,0
1082,101180,602105,0
1083,VT1013,601115,0
1084,VT1017,601108,0
1085,VT2001,603106,0
1086,001112,600001,0
1087,007030,601107,0
1088,001386,601113,0
1089,101043,602101,0
1090,GD0492,601106,0
1091,GD0498,601106,0
1092,GD0504,602105,0
1093,001239,601109,0
1094,101199,602104,0
1095,GD0509,602105,0
1096,YD1173,601107,0
1097,YD1182,601106,0
1098,YD1188,601106,0
1099,YD1194,601106,0
1100,HW0005,601102,0
1101,101228,602106,0
1102,HW0011,601102,0
1103,GS0451,602108,0
1104,GD0556,601112,0
1105,002211,601101,0
1106,VT1027,601101,0
1107,SJ0002,688021,0
1108,SJ0008,688021,0
1109,SJ0014,688021,0
1110,SJ0020,688021,0
1111,VT1035,601102,0
1112,YD2114,602115,0
1113,YD1256,601125,0
1114,GD0566,601116,0
1115,GD0572,601125,0
1116,GD0578,601125,0
1117,SJ0023,688021,0
1118,SJ0029,688021,0
1119,AT1151,601139,0
1120,GD0546,601119,0
1121,GD0582,601118,0
1122,GD0588,601118,0
1123,YD1270,601116,0
1124,YD2109,602105,0
1125,YD2105,602111,0
1126,YD1236,601106,0
1127,YD1263,601108,0
1128,YD1275,601131,0
1129,110080,600001,0
1130,YD1230,601130,0
1131,GS0461,601142,0
1132,GS0459,601142,0
1133,GD0595,601142,0
1134,YD1277,601120,0
1135,SJ0035,688021,0
1136,SJ0041,688021,0
1137,yy1121,601121,0
1138,yy1143,601143,0
1139,GS0333,601131,0
1140,GS0339,601131,0
1141,GS0345,602001,0
1142,GS0351,602101,0
1143,YD1084,601114,0
1144,YD1090,601116,0
1145,YD1096,601117,0
1146,YD1102,601119,0
1147,YD1108,601124,0
1148,YD1114,601126,0
1149,YD2004,602103,0
1150,YD2010,602111,0
1151,YD2016,602103,0
1152,YD2022,602104,0
1153,YD2028,602117,0
1154,YD2034,602101,0
1155,YD2040,602106,0
1156,333322,600001,0
1157,333332,600001,0
1158,001781,601101,0
1159,001488,601101,0
1160,001648,601101,0
1161,002347,601131,0
1162,101264,602106,0
1163,001712,602104,0
1164,YD1001,601132,0
1165,YD1007,601102,0
1166,YD1013,601104,0
1167,YD1019,601105,0
1168,YD1025,601105,0
1169,YD1031,601106,0
1170,VT2002,603101,0
1171,101289,602110,0
1172,003042,601103,0
1173,001410,601113,0
1174,001747,600001,0
1175,GD0493,601106,0
1176,GD0499,601106,0
1177,YD1037,601106,0
1178,GD0505,602105,0
1179,GS0437,603101,0
1180,006036,601129,0
1181,GS0443,603102,0
1182,AT2030,602110,0
1183,GS0449,603102,0
1184,GD0510,602105,0
1185,JK0001,600001,0
1186,YD1174,601107,0
1187,LC0005,688014,0
1188,YD1183,601106,0
1189,CC0002,688017,0
1190,YD1189,601106,0
1191,YD1043,601106,0
1192,YD1378,601123,0
1193,YD1049,601108,0
1194,HW0006,601102,0
1195,YD1055,601110,0
1196,HW0012,601102,0
1197,HW0018,601102,0
1198,YD1061,601111,0
1199,HW0024,601102,0
1200,HW0030,601102,0
1201,YD1067,601133,0
1202,HW0036,601102,0
1203,YD1073,601139,0
1204,YD1079,601113,0
1205,AT1094,601101,0
1206,AT1100,601101,0
1207,AT1103,601101,0
1208,AT1009,601104,0
1209,AT1015,601106,0
1210,AT1021,601108,0
1211,AT1027,601110,0
1212,AT1033,601112,0
1213,AT1039,601112,0
1214,AT1045,601113,0
1215,AT1051,601113,0
1216,AT1057,601114,0
1217,AT1063,601116,0
1218,AT1069,601118,0
1219,AT1075,601124,0
1220,AT1081,601126,0
1221,AT2002,602101,0
1222,AT2023,602002,0
1223,AT2011,602103,0
1224,AT2017,602105,0
1225,AT3002,603101,0
1226,DH0003,688006,0
1227,DH0009,688006,0
1228,IN0005,688005,0
1229,IN0011,688005,0
1230,IN0017,688005,0
1231,IN0023,688005,0
1232,IN0029,688005,0
1233,IN0035,688005,0
1234,IN0041,688005,0
1235,IN0047,688005,0
1236,GD0080,601105,0
1237,GD0086,601106,0
1238,GD0092,601107,0
1239,GD0098,601107,0
1240,GD0104,601108,0
1241,004046,601103,0
1242,001292,601117,0
1243,008030,600001,0
1244,001117,601101,0
1245,001335,601130,0
1246,015019,601108,0
1247,016020,601135,0
1248,001511,601143,0
1249,021005,601106,0
1250,GD0110,601108,0
1251,GD0116,601109,0
1252,GD0313,601129,0
1253,GD0319,601129,0
1254,GD0325,601130,0
1255,GD0331,601131,0
1256,GD0337,601131,0
1257,GD0343,602001,0
1258,GD0349,602001,0
1259,GD0355,602101,0
1260,GD0471,602101,0
1261,GD0477,602101,0
1262,GD0363,602102,0
1263,GD0369,602102,0
1264,GD0375,602103,0
1265,GD0381,602104,0
1266,001777,601125,0
1267,HL0022,601108,0
1268,YD1408,601113,0
1269,HL0028,601108,0
1270,TZ0056,688023,0
1271,HL0034,601108,0
1272,TZ0062,688023,0
1273,HL0040,601108,0
1274,TZ0068,688023,0
1275,HL0046,601108,0
1276,HL0049,601108,0
1277,HL0055,601108,0
1278,TZ0074,688023,0
1279,HL0061,601108,0
1280,TZ0080,688023,0
1281,HL0067,601108,0
1282,XZ0086,688051,1
1283,004112,601153,0
1284,XZ0092,688051,0
1285,HL0072,601108,0
1286,YD1375,601110,0
1287,HL0078,601108,0
1288,JF0030,601107,0
1289,HL0084,601108,0
1290,XZ0096,688051,0
1291,HL0090,601108,0
1292,110189,601131,0
1293,HL0096,601108,0
1294,WL0019,688048,1
1295,300032,601101,0
1296,HL0009,601108,0
1297,HL0015,601108,0
1298,HL0021,601108,0
1299,CRM001,688050,1
1300,HL0027,601108,0
1301,GS0098,601107,0
1302,GS0104,601108,0
1303,GS0110,601108,0
1304,GS0116,601109,0
1305,GS0122,601110,0
1306,GS0001,600001,0
1307,GS0007,600001,0
1308,GS0013,601001,0
1309,GS0019,601001,0
1310,GS0025,601101,0
1311,GS0031,601102,0
1312,GS0037,601102,0
1313,101256,602104,0
1314,SQ1007,603106,0
1315,GS0043,601103,0
1316,DE0006,688014,0
1317,GS0049,601103,0
1318,DE0012,688014,0
1319,GS0055,601104,0
1320,DE0018,688014,0
1321,GS0071,601105,0
1322,DE0024,688014,0
1323,GS0077,601105,0
1324,DE0030,688014,0
1325,GS0082,601106,0
1326,DE0036,688014,0
1327,YX1120,601120,0
1328,001704,602102,0
1329,300237,601110,0
1330,DE0046,688014,0
1331,YD1397,601114,0
1332,300329,601131,0
1333,110299,603107,0
1334,GD0204,601118,0
1335,011042,601124,0
1336,001590,601113,0
1337,014012,601113,0
1338,002193,601101,0
1339,004047,601104,0
1340,004081,601128,0
1341,007018,601107,0
1342,001617,601112,0
1343,001829,601110,0
1344,001311,601101,0
1345,001838,601101,0
1346,002053,601101,0
1347,005045,601150,1
1348,004080,601106,0
1349,010066,601133,0
1350,008048,601101,0
1351,001382,600001,0
1352,001780,601141,0
1353,GD0210,601118,0
1354,001902,600001,0
1355,101061,602001,0
1356,011014,600001,0
1357,AT1087,601101,0
1358,AT1093,601101,0
1359,AT1099,601101,0
1360,AT1003,601102,0
1361,AT1008,601104,0
1362,AT1014,601106,0
1363,AT1020,601108,0
1364,AT1026,601110,0
1365,AT1032,601112,0
1366,AT1038,601112,0
1367,AT1044,601113,0
1368,AT1050,601113,0
1369,AT1056,601114,0
1370,AT1062,601116,0
1371,AT1068,601117,0
1372,AT1074,601119,0
1373,AT1080,601125,0
1374,AT2001,602101,0
1375,AT2022,602002,0
1376,AT2010,602103,0
1377,AT2016,602105,0
1378,AT3001,603101,0
1379,DH0002,688006,0
1380,DH0008,688006,0
1381,IN0004,688005,0
1382,IN0010,688005,0
1383,IN0016,688005,0
1384,IN0022,688005,0
1385,IN0028,688005,0
1386,IN0034,688005,0
1387,IN0040,688005,0
1388,GD0216,601119,0
1389,GD0222,601120,0
1390,GD0228,601120,0
1391,GD0010,600001,0
1392,GD0016,601001,0
1393,GD0022,601101,0
1394,GD0028,601101,0
1395,GD0454,601101,0
1396,GD0460,601101,0
1397,GD0466,601101,0
1398,GD0032,601102,0
1399,GD0038,601102,0
1400,GD0044,601103,0
1401,GD0050,601103,0
1402,GD0056,601104,0
1403,GD0072,601105,0
1404,IC0037,688008,0
1405,IC0043,688008,0
1406,IC0049,688008,0
1407,YY0005,688004,0
1408,YY0011,688004,0
1409,YL0006,600001,0
1410,PS0002,688001,0
1411,PS0007,688001,0
1412,PS0013,688001,0
1413,PS0019,688001,0
1414,PS0025,688001,0
1415,YX1103,601103,0
1416,YX1109,601109,0
1417,YX1115,601115,0
1418,GD0277,601125,0
1419,GD0283,601126,0
1420,GD0289,601126,0
1421,GD0295,601127,0
1422,GD0301,601128,0
1423,GD0307,601128,0
1424,WL0037,688048,0
1425,WL0043,688048,0
1426,WL0049,688048,0
1427,TZ0085,688023,0
1428,300063,602116,0
1429,YD1347,601153,0
1430,300043,601101,0
1431,TZ0093,688023,0
1432,TZ0099,688023,0
1433,XZ0055,688051,0
1434,XZ0061,688051,0
1435,XZ0067,688051,0
1436,XZ0073,688051,0
1437,001213,601116,0
1438,YD1386,601106,0
1439,300372,602110,0
1440,XD2102,602116,0
1441,XD2108,602116,0
1442,LYE003,688041,1
1443,YD1410,601113,0
1444,DE0001,688014,0
1445,DE0007,688014,0
1446,DE0013,688014,0
1447,DE0019,688014,0
1448,DE0025,688014,0
1449,DE0031,688014,0
1450,DE0037,688014,0
1451,300350,601141,0
1452,VT2011,603101,0
1453,DE0047,688014,0
1454,YD1383,601106,0
1455,JF0019,601117,0
1456,201080,603101,0
1457,002001,601115,0
1458,016010,601136,0
1459,001816,601127,0
1460,004065,601104,0
1461,010029,601102,0
1462,200104,601102,0
1463,001141,601107,0
1464,004061,601106,0
1465,006032,601114,0
1466,007031,601117,0
1467,008018,601125,0
1468,101139,602105,0
1469,001433,601002,0
1470,201012,603101,0
1471,101092,602001,0
1472,101137,602105,0
1473,004017,601149,1
1474,001366,601112,0
1475,017012,601144,0
1476,009041,601117,0
1477,008033,601108,0
1478,001435,601117,0
1479,015010,601149,0
1480,001376,601119,0
1481,001342,601152,0
1482,101033,602115,0
1483,101057,602109,0
1484,201024,603102,0
1485,ZJ0003,688002,0
1486,ZJ0009,688002,0
1487,ZJ0015,688002,0
1488,ZJ0021,688002,0
1489,ZJ0027,688002,0
1490,ZJ0033,688002,0
1491,ZJ0039,688002,0
1492,ZJ0045,688002,0
1493,TP0001,688010,0
1494,TP0007,688010,0
1495,900003,688013,1
1496,B99992,600001,0
1497,GD0006,600001,0
1498,001218,600001,0
1499,IN0046,688005,0
1500,GD0079,601105,0
1501,GD0085,601106,0
1502,GD0091,601107,0
1503,GD0097,601107,0
1504,GD0103,601108,0
1505,GD0109,601108,0
1506,GD0115,601109,0
1507,GD0121,601110,0
1508,GD0127,601110,0
1509,GD0133,601111,0
1510,GD0139,601111,0
1511,GD0145,601112,0
1512,GD0151,601113,0
1513,GD0235,601121,0
1514,GD0241,601122,0
1515,GD0247,601122,0
1516,GD0253,601123,0
1517,GD0259,601123,0
1518,GD0265,601124,0
1519,GD0271,601125,0
1520,GD0160,601113,0
1521,GD0166,601114,0
1522,GD0172,601115,0
1523,GD0178,601115,0
1524,GD0184,601116,0
1525,GD0190,601116,0
1526,GD0196,601117,0
1527,GD0202,601118,0
1528,GD0208,601118,0
1529,GD0214,601119,0
1530,GD0220,601119,0
1531,GD0226,601120,0
1532,GD0232,601121,0
1533,GD0014,601001,0
1534,GD0020,601001,0
1535,GD0026,601101,0
1536,GD0452,601101,0
1537,GD0458,601101,0
1538,GD0464,601101,0
1539,GD0470,601101,0
1540,GD0036,601102,0
1541,GD0042,601103,0
1542,GD0048,601103,0
1543,GD0054,601104,0
1544,GD0060,601104,0
1545,GD0076,601105,0
1546,IC0041,688008,0
1547,IC0047,688008,0
1548,YY0003,688004,0
1549,YY0009,688004,0
1550,YL0004,600001,0
1551,YL0010,600001,0
1552,PS0005,688001,0
1553,PS0011,688001,0
1554,PS0017,688001,0
1555,PS0023,688001,0
1556,YX1101,601101,0
1557,YX1107,601107,0
1558,YX1113,601113,0
1559,GD0275,601125,0
1560,GD0281,601126,0
1561,GD0287,601126,0
1562,GD0293,601127,0
1563,GD0299,601127,0
1564,GD0305,601128,0
1565,GD0311,601129,0
1566,GD0317,601129,0
1567,GD0323,601130,0
1568,GD0329,601130,0
1569,GD0335,601131,0
1570,GD0341,602001,0
1571,GD0347,602001,0
1572,GD0353,602101,0
1573,GD0359,602101,0
1574,GD0475,602101,0
1575,GD0361,602102,0
1576,GD0367,602102,0
1577,GD0373,602103,0
1578,GD0379,602103,0
1579,GD0385,602104,0
1580,GD0391,602105,0
1581,GD0397,602105,0
1582,GD0403,602106,0
1583,GD0409,602106,0
1584,GD0415,602107,0
1585,GD0421,603001,0
1586,GD0427,603001,0
1587,GD0433,603101,0
1588,GD0439,603101,0
1589,GD0485,603101,0
1590,GD0441,603102,0
1591,GD0447,603102,0
1592,IC0003,688008,0
1593,IC0009,688008,0
1594,IC0015,688008,0
1595,IC0021,688008,0
1596,IC0027,688008,0
1597,IC0033,688008,0
1598,AU1001,688004,0
1599,AU1007,688004,0
1600,AU1013,688004,0
1601,XY0001,688004,0
1602,XY0007,688004,0
1603,ED0001,688007,0
1604,ED0007,688007,0
1605,ED0013,688007,0
1606,ED0019,688007,0
1607,ED0025,688007,0
1608,ED0031,688007,0
1609,ED0037,688007,0
1610,ED0043,688007,0
1611,HL0033,601108,0
1612,HL0039,601108,0
1613,HL0045,601108,0
1614,GS0086,601106,0
1615,HL0048,601108,0
1616,HL0054,601108,0
1617,WZ0006,688001,0
1618,HL0060,601108,0
1619,009009,601109,0
1620,HL0066,601108,0
1621,JF0020,601108,0
1622,006044,601153,0
1623,YD1364,601105,0
1624,HL0071,601108,0
1625,110185,601131,0
1626,HL0077,601108,0
1627,003025,601103,0
1628,HL0083,601108,0
1629,300068,601103,0
1630,HL0089,601108,0
1631,YD1346,601105,0
1632,HL0095,601108,0
1633,YD1370,601103,0
1634,300038,601109,0
1635,AT1188,601115,0
1636,GS0092,601107,0
1637,201006,601122,0
1638,WL0025,688048,0
1639,WZ0005,688001,0
1640,009063,601109,0
1641,JF0016,601124,0
1642,YD1363,601105,0
1643,001953,601150,0
1644,YD1353,601119,0
1645,ST0002,601147,1
1646,YD1345,601150,0
1647,300054,603101,0
1648,300059,601147,0
1649,WL0024,688048,0
1650,WL0030,688048,0
1651,WL0036,688048,0
1652,WL0042,688048,0
1653,WL0048,688048,0
1654,TZ0084,688023,0
1655,YD1352,601125,0
1656,JF0028,601115,0
1657,SQ1005,603106,0
1658,TZ0092,688023,0
1659,TZ0098,688023,0
1660,XZ0054,688051,0
1661,XZ0060,688051,0
1662,XZ0066,688051,0
1663,XZ0072,688051,0
1664,016070,601135,0
1665,YD1385,601106,0
1666,300358,602110,0
1667,XD2101,602116,0
1668,XD2107,602116,0
1669,LYE002,688041,0
1670,WL0031,688048,0
1671,SJ0007,688021,0
1672,SJ0013,688021,0
1673,SJ0019,688021,0
1674,110311,601130,0
1675,YD2113,602101,0
1676,YD1255,601125,0
1677,GD0565,601116,0
1678,GD0571,601125,0
1679,GD0577,601125,0
1680,SJ0022,688021,0
1681,SJ0028,688021,0
1682,AT1150,601139,0
1683,GD0545,601119,0
1684,GD0581,601118,0
1685,GD0587,601118,0
1686,SQ0009,601120,0
1687,YD2108,602105,0
1688,YD2104,602111,0
1689,YD1235,601106,0
1690,YD1266,601122,0
1691,YD1274,601131,0
1692,001144,603104,0
1693,GD0592,601142,0
1694,015017,601115,0
1695,GS0458,601142,0
1696,GD0594,601142,0
1697,GD0600,601142,0
1698,SJ0034,688021,0
1699,SJ0040,688021,0
1700,yy1119,601119,0
1701,yy1137,601137,1
1702,yy3104,603104,0
1703,KJP025,688037,1
1704,XD0032,601101,0
1705,XD0038,601101,0
1706,XD2064,602114,0
1707,XD2070,602114,0
1708,XD2076,602114,0
1709,YD1302,601126,0
1710,XD2004,602109,0
1711,XD2010,602109,0
1712,XD2016,602109,0
1713,YD2134,602103,0
1714,110205,601107,0
1715,XD0050,601141,0
1716,XD0056,601141,0
1717,YD1305,601126,0
1718,110244,603103,1
1719,201141,603102,0
1720,XD2041,602113,0
1721,XD2047,602113,0
1722,XD2053,602113,0
1723,XD2059,602113,0
1724,GS0502,601135,0
1725,AT2046,602116,0
1726,005055,601125,0
1727,VT1046,601114,0
1728,HD1015,601113,0
1729,YD1315,601101,0
1730,YD1321,601101,0
1731,YD1330,601101,0
1732,110190,601101,0
1733,024023,601127,0
1734,XD2083,602117,0
1735,KJP031,688037,0
1736,KJP037,688037,0
1737,KJP043,688037,0
1738,yy1136,601136,0
1739,GD0613,688036,1
1740,GD0619,688036,0
1741,KJP048,688037,0
1742,001783,601112,0
1743,HD1001,601101,0
1744,001330,600001,0
1745,GS0465,601131,0
1746,GS0471,601131,0
1747,YD1293,601137,0
1748,110172,601138,0
1749,FCS001,688028,1
1750,FCS007,688028,0
1751,yy1002,601002,0
1752,yy1110,601110,0
1753,yy1118,601118,0
1754,yy1132,601132,0
1755,yy2001,602001,0
1756,YD2115,602101,0
1757,YD2120,602115,0
1758,yy3105,603105,1
1759,101315,602111,0
1760,JMK006,688035,1
1761,ZS0002,688034,1
1762,ZS0008,688034,0
1763,GD0122,601110,0
1764,GD0128,601110,0
1765,GD0134,601111,0
1766,GD0140,601111,0
1767,GD0146,601112,0
1768,HW0017,601102,0
1769,HW0023,601102,0
1770,HW0029,601102,0
1771,HW0035,601102,0
1772,HW0041,601102,0
1773,110282,600001,0
1774,016044,601135,0
1775,AT1143,601141,0
1776,YD1225,601101,0
1777,YD3005,603106,0
1778,DZ0003,601108,0
1779,DZ0009,601108,0
1780,DZ0015,601108,0
1781,DZ0021,601108,0
1782,DZ0027,601108,0
1783,DZ0033,601108,0
1784,DZ0039,601108,0
1785,DZ0045,601108,0
1786,TZ0001,688023,0
1787,TZ0007,688023,0
1788,TZ0013,688023,0
1789,TZ0019,688023,0
1790,TZ0025,688023,0
1791,YD2092,602110,0
1792,002145,601131,0
1793,HW0045,601102,0
1794,201146,603102,0
1795,YD1211,601121,0
1796,TZ0033,688023,0
1797,TZ0039,688023,0
1798,TZ0045,688023,0
1799,001839,601103,0
1800,110072,600001,0
1801,001089,601132,0
1802,201014,603105,0
1803,SQ0004,601134,0
1804,110042,600001,0
1805,110044,600001,0
1806,YD2099,602102,0
1807,007032,601141,0
1808,YD2200,601101,0
1809,002147,601131,0
1810,001126,600001,0
1811,AT1146,601131,0
1812,YD1217,601101,0
1813,YD1245,601112,0
1814,011034,601133,0
1815,SJ0048,688021,0
1816,101059,602107,0
1817,YD1282,601117,0
1818,110050,600001,0
1819,YD1244,601119,0
1820,YD1267,601112,0
1821,001284,601141,0
1822,GD0555,601112,0
1823,001090,601122,0
1824,VT1026,601122,0
1825,SJ0001,688021,0
1826,101308,602112,0
1827,KJP026,688037,0
1828,KJP032,688037,0
1829,KJP038,688037,0
1830,KJP044,688037,0
1831,yy1141,601141,0
1832,GD0614,688036,0
1833,GD0620,688036,0
1834,KJP049,688037,0
1835,007037,601138,0
1836,HD1002,601102,0
1837,001577,600001,0
1838,GS0466,601131,0
1839,GS0472,601131,0
1840,YD1294,601116,0
1841,VT1038,601138,0
1842,FCS002,688028,0
1843,FCS008,688028,0
1844,yy1101,601101,0
1845,yy1112,601112,0
1846,yy1120,601120,0
1847,yy1133,601133,0
1848,yy2002,602002,0
1849,YD2116,602115,0
1850,YD2121,602104,0
1851,yy3106,603106,0
1852,JMK001,688035,0
1853,JMK007,688035,0
1854,ZS0003,688034,0
1855,ZS0009,688034,0
1856,QO2001,602101,0
1857,GD0605,601131,0
1858,016058,601116,0
1859,011052,601111,0
1860,YD2127,602101,0
1861,017009,601144,0
1862,016007,601137,0
1863,YD1290,601104,0
1864,AT3014,603107,0
1865,YD1298,601136,0
1866,001985,601139,0
1867,101310,602101,0
1868,JZ0006,688036,0
1869,KJP001,688037,0
1870,KJP007,688037,0
1871,KJP013,688037,0
1872,KJP019,688037,0
1873,GS0485,601143,0
1874,GS0491,601143,0
1875,XD0004,600001,0
1876,XD0010,600001,0
1877,XD0016,600001,0
1878,XD0042,601141,0
1879,GS0474,601138,0
1880,GS0480,601138,0
1881,023022,601152,0
1882,XD2024,602112,0
1883,XD2030,602112,0
1884,XD2036,602112,0
1885,GS0495,601135,0
1886,XD0065,601143,0
1887,XD0071,601143,0
1888,XD0077,601143,0
1889,XD3003,603104,0
1890,XD3009,603104,0
1891,XD3015,603104,0
1892,GS0497,601135,0
1893,XD0026,601101,0
1894,GD0236,601121,0
1895,GD0242,601122,0
1896,GD0248,601122,0
1897,GD0254,601123,0
1898,GD0260,601123,0
1899,GD0266,601124,0
1900,GD0272,601125,0
1901,GD0161,601114,0
1902,GD0167,601114,0
1903,GD0173,601115,0
1904,GD0179,601115,0
1905,GD0185,601116,0
1906,GD0191,601117,0
1907,GD0197,601117,0
1908,GD0203,601118,0
1909,GD0209,601118,0
1910,GD0215,601119,0
1911,GD0221,601120,0
1912,GD0227,601120,0
1913,GD0233,601121,0
1914,GD0015,601001,0
1915,GD0021,601101,0
1916,GD0027,601101,0
1917,GD0453,601101,0
1918,GD0459,601101,0
1919,GD0465,601101,0
1920,GD0031,601102,0
1921,GD0037,601102,0
1922,GD0043,601103,0
1923,GD0049,601103,0
1924,GD0055,601104,0
1925,GD0071,601105,0
1926,GD0077,601105,0
1927,IC0042,688008,0
1928,IC0048,688008,0
1929,GD0387,602104,0
1930,GD0393,602105,0
1931,GD0399,602105,0
1932,GD0405,602106,0
1933,GD0411,602107,0
1934,GD0417,602107,0
1935,GD0423,603001,0
1936,GD0429,603001,0
1937,GD0435,603101,0
1938,GD0481,603101,0
1939,GD0487,603101,0
1940,GD0443,603102,0
1941,GD0449,603102,0
1942,IC0005,688008,0
1943,IC0011,688008,0
1944,IC0017,688008,0
1945,IC0023,688008,0
1946,IC0029,688008,0
1947,IC0035,688008,0
1948,AU1003,688004,0
1949,AU1009,688004,0
1950,AU1015,688004,0
1951,XY0003,688004,0
1952,XY0009,688004,0
1953,ED0003,688007,0
1954,ED0009,688007,0
1955,ED0015,688007,0
1956,ED0021,688007,0
1957,ED0027,688007,0
1958,ED0033,688007,0
1959,ED0039,688007,0
1960,ED0045,688007,0
1961,GS0088,601106,0
1962,GS0094,601107,0
1963,GS0100,601107,0
1964,GS0106,601108,0
1965,XD3021,603103,0
1966,XJ0004,688047,1
1967,XJ0010,688047,0
1968,HD1024,601127,0
1969,HD3002,603102,0
1970,XJ0015,688047,0
1971,AT1176,601109,0
1972,VT1066,601153,0
1973,001928,601103,0
1974,015001,601110,0
1975,001399,601113,0
1976,XD2046,602113,0
1977,XD3025,603107,0
1978,VT1051,601127,0
1979,HD2008,602109,0
1980,YD1326,601104,0
1981,SQ0012,601133,0
1982,XD2052,602113,0
1983,XD2058,602113,0
1984,XD3028,603107,0
1985,VT1054,601144,0
1986,GS0501,601135,0
1987,101095,602102,0
1988,YD1339,601135,0
1989,AT2045,602116,0
1990,XD3030,603107,0
1991,110501,603109,1
1992,110200,601104,0
1993,XD2096,602115,0
1994,YD2152,602106,0
1995,HD1010,601107,0
1996,YD1314,601101,0
1997,YD1320,601101,0
1998,AT1173,601114,0
1999,YX1142,601142,0
2000,VT1049,601101,0
2001,XD2082,602117,0
2002,XD2088,602117,0
2003,VT1060,601154,0
2004,VT1064,601148,0
2005,012203,600001,0
2006,PJ0003,688038,1
2007,PJ0009,688038,0
2008,PJ0015,688038,0
2009,HD1021,601124,0
2010,HD2013,602114,0
2011,JH0001,688046,1
2012,HD1013,601111,0
2013,009044,601115,0
2014,001426,601123,0
2015,003050,601103,0
2016,YD1308,601125,0
2017,AT1163,601101,0
2018,HD1025,601128,0
2019,HD2014,602115,0
2020,AT3016,603103,0
2021,XJ0003,688047,0
2022,XJ0009,688047,0
2023,HD1023,601126,0
2024,HD2011,602112,0
2025,XJ0014,688047,0
2026,XJ0020,688047,0
2027,VT1062,601152,0
2028,009064,601109,0
2029,YD1360,601109,0
2030,YD2148,602112,0
2031,XD3024,603107,0
2032,VT3004,602114,0
2033,HD1022,601125,0
2034,YD1325,601104,0
2035,XZ0004,688051,0
2036,XZ0010,688051,0
2037,XZ0016,688051,0
2038,XZ0022,688051,0
2039,XZ0028,688051,0
2040,XZ0034,688051,0
2041,YD1381,601142,0
2042,024022,601145,0
2043,XZ0035,688051,0
2044,XZ0041,688051,0
2045,XZ0047,688051,0
2046,201134,603106,0
2047,ST0001,601104,0
2048,YD3025,603103,0
2049,011036,601111,0
2050,006037,601120,0
2051,YD1403,601113,0
2052,VT1041,601126,0
2053,TZ0051,688023,0
2054,AT1171,601146,0
2055,TZ0057,688023,0
2056,TZ0063,688023,0
2057,110511,601148,0
2058,TZ0069,688023,0
2059,TZ0075,688023,0
2060,YD1343,601139,0
2061,XZ0081,688051,0
2062,110513,603107,0
2063,XZ0087,688051,0
2064,XD2095,602115,0
2065,YD2157,602101,0
2066,YD2151,602106,0
2067,300333,603103,0
2068,201238,603101,0
2069,JF0033,601114,0
2070,XZ0097,688051,0
2071,YD1359,601109,0
2072,001479,601108,0
2073,YD2147,602115,0
2074,XZ0003,688051,0
2075,XZ0009,688051,0
2076,XZ0015,688051,0
2077,XZ0021,688051,0
2078,XZ0027,688051,0
2079,XZ0033,688051,0
2080,AT2051,602118,1
2081,SQ1008,603109,0
2082,XZ0040,688051,0
2083,XZ0046,688051,0
2084,300362,601142,0
2085,300044,601101,0
2086,WL0020,688048,0
2087,YD3024,603103,0
2088,HL0010,601108,0
2089,300039,601147,0
2090,HL0016,601108,0
2091,yy2114,602114,0
2092,GD0604,601131,0
2093,GD0610,601131,0
2094,016062,601136,0
2095,YD2126,602101,0
2096,YD2132,602101,0
2097,016050,601135,0
2098,YD1289,601104,0
2099,YD1292,601135,0
2100,YD1297,601136,0
2101,AT1156,601105,0
2102,YD1286,601111,0
2103,JZ0005,688036,0
2104,AT1141,601135,0
2105,KJP006,688037,0
2106,KJP012,688037,0
2107,KJP018,688037,0
2108,GS0484,601143,0
2109,GS0490,601143,0
2110,XD0003,600001,0
2111,XD0009,600001,0
2112,XD0015,600001,0
2113,XD0041,601141,0
2114,XD0047,601141,0
2115,GS0479,601138,0
2116,007073,601109,0
2117,XD2023,602112,0
2118,XD2029,602112,0
2119,XD2035,602112,0
2120,GS0494,601135,0
2121,XD0064,601143,0
2122,XD0070,601143,0
2123,XD0076,601143,0
2124,XD3002,603104,0
2125,XD3008,603104,0
2126,XD2089,602117,0
2127,YD1336,601121,0
2128,AT1181,601129,0
2129,VT1042,601145,0
2130,PJ0004,688038,0
2131,PJ0010,688038,0
2132,HD1007,601103,0
2133,HD1026,601131,0
2134,HD2015,602116,0
2135,VT2008,603101,0
2136,HD1018,601116,0
2137,005070,601114,0
2138,007008,601154,0
2139,001770,603107,0
2140,YD1309,601125,0
2141,AT1164,601101,0
2142,XD3014,603104,0
2143,HD1027,601135,0
2144,XD3020,603104,0
2145,HD3001,603101,0
2146,XD0025,601101,0
2147,XD0031,601101,0
2148,XD0037,601101,0
2149,XD2063,602114,0
2150,XD2069,602114,0
2151,XD2075,602114,0
2152,AT2047,602117,0
2153,XD2003,602109,0
2154,XD2009,602109,0
2155,XD2015,602109,0
2156,AT2048,602117,0
2157,AT1158,601125,0
2158,XD0049,601141,0
2159,XD0055,601141,0
2160,YD1304,601126,0
2161,GD0152,601113,0
2162,GS0405,602106,0
2163,GS0411,602107,0
2164,GS0417,602107,0
2165,GS0423,603001,0
2166,GS0429,603001,0
2167,GS0123,601110,0
2168,GS0129,601110,0
2169,GS0135,601111,0
2170,GS0141,601112,0
2171,GS0147,601112,0
2172,GS0153,601113,0
2173,GS0159,601113,0
2174,GS0165,601114,0
2175,GS0171,601115,0
2176,GS0177,601115,0
2177,GS0183,601116,0
2178,GS0189,601116,0
2179,GS0195,601117,0
2180,GS0201,601118,0
2181,GS0207,601118,0
2182,GS0213,601119,0
2183,GS0219,601119,0
2184,GS0225,601120,0
2185,GS0230,601120,0
2186,GS0236,601121,0
2187,GS0242,601122,0
2188,GS0248,601122,0
2189,GS0254,601123,0
2190,GS0260,601123,0
2191,GS0266,601124,0
2192,GS0272,601125,0
2193,GS0278,601125,0
2194,GS0284,601126,0
2195,GS0290,601126,0
2196,GS0296,601127,0
2197,001391,601139,0
2198,016002,601116,0
2199,001303,601105,0
2200,101073,602102,0
2201,001325,601002,0
2202,101130,602001,0
2203,101023,602104,0
2204,101097,602105,0
2205,001310,601101,0
2206,011006,601002,0
2207,001544,601114,0
2208,201078,603101,0
2209,007027,601107,0
2210,016009,601116,0
2211,001159,601115,0
2212,017010,601118,0
2213,008009,601141,0
2214,101116,602101,0
2215,101022,602112,0
2216,101029,602108,0
2217,ZJ0002,688002,0
2218,ZJ0008,688002,0
2219,ZJ0014,688002,0
2220,ZJ0020,688002,0
2221,ZJ0026,688002,0
2222,ZJ0032,688002,0
2223,ZJ0038,688002,0
2224,ZJ0044,688002,0
2225,ZJ0050,688002,0
2226,TP0006,688010,0
2227,900002,688012,1
2228,B99991,600001,0
2229,GD0005,600001,0
2230,001157,600001,0
2231,001857,600001,0
2232,001040,600001,0
2233,001534,600001,0
2234,AT1086,601101,0
2235,AT1092,601101,0
2236,AT1098,601101,0
2237,AT1002,601102,0
2238,AT1007,601104,0
2239,AT1013,601105,0
2240,AT1019,601107,0
2241,AT1025,601110,0
2242,AT1031,601112,0
2243,AT1037,601112,0
2244,AT1043,601113,0
2245,AT1049,601113,0
2246,AT1055,601113,0
2247,AT1061,601116,0
2248,AT1067,601117,0
2249,AT1073,601119,0
2250,AT1079,601125,0
2251,AT1106,601127,0
2252,AT2006,602002,0
2253,AT2009,602102,0
2254,AT2015,602104,0
2255,AT2021,602106,0
2256,DH0001,688006,0
2257,DH0007,688006,0
2258,IN0003,688005,0
2259,IN0009,688005,0
2260,IN0015,688005,0
2261,IN0021,688005,0
2262,IN0027,688005,0
2263,IN0033,688005,0
2264,IN0039,688005,0
2265,IN0045,688005,0
2266,GD0078,601105,0
2267,GD0084,601106,0
2268,GD0090,601106,0
2269,GD0096,601107,0
2270,GD0102,601108,0
2271,GD0108,601108,0
2272,GD0114,601109,0
2273,GD0120,601109,0
2274,GD0126,601110,0
2275,GD0132,601111,0
2276,GD0138,601111,0
2277,GD0144,601112,0
2278,GD0150,601112,0
2279,GD0234,601121,0
2280,GD0240,601121,0
2281,GD0246,601122,0
2282,GD0252,601123,0
2283,GD0258,601123,0
2284,002112,601126,0
2285,101080,602115,0
2286,101204,602116,0
2287,101236,602112,0
2288,101153,602117,0
2289,101156,602104,0
2290,101223,602110,0
2291,101169,602105,0
2292,101226,602105,0
2293,201079,603104,0
2294,201103,603102,0
2295,001326,601111,0
2296,001815,601113,0
2297,004052,601128,0
2298,010012,601110,0
2299,002025,601101,0
2300,010003,601106,0
2301,004003,601110,0
2302,GS0302,601128,0
2303,GS0308,601128,0
2304,GS0314,601129,0
2305,GS0320,601129,0
2306,GS0326,601130,0
2307,GS0332,601131,0
2308,GS0338,601131,0
2309,GS0344,602001,0
2310,GS0350,602001,0
2311,GS0356,602101,0
2312,YD1089,601115,0
2313,YD1095,601117,0
2314,YD1101,601119,0
2315,YD1107,601124,0
2316,YD1113,601125,0
2317,YD2003,602101,0
2318,YD2009,602107,0
2319,YD2015,602103,0
2320,YD2021,602113,0
2321,YD2027,602104,0
2322,YD2033,602114,0
2323,YD2039,602114,0
2324,333321,600001,0
2325,GD0264,601124,0
2326,333329,600001,0
2327,GD0270,601124,0
2328,001216,601101,0
2329,GD0159,601113,0
2330,001690,601101,0
2331,GD0165,601114,0
2332,001646,601101,0
2333,GD0171,601115,0
2334,GS0112,601109,0
2335,GS0118,601109,0
2336,ED0048,688007,0
2337,GS0003,600001,0
2338,GS0009,600001,0
2339,GS0015,601001,0
2340,GS0021,601101,0
2341,GS0027,601101,0
2342,GS0033,601102,0
2343,GS0039,601102,0
2344,GS0045,601103,0
2345,GS0051,601104,0
2346,GS0057,601104,0
2347,GS0073,601105,0
2348,GS0079,601105,0
2349,YX1116,601116,0
2350,YX1122,601122,0
2351,YX1128,601128,0
2352,YX2101,602101,0
2353,YX2107,602107,0
2354,IB0001,688009,0
2355,IB0007,688009,0
2356,IB0013,688009,0
2357,IB0019,688009,0
2358,IB0025,688009,0
2359,IB0031,688009,0
2360,IB0037,688009,0
2361,IB0043,688009,0
2362,GS0357,602101,0
2363,GS0363,602102,0
2364,GS0369,602102,0
2365,GS0375,602103,0
2366,GS0381,602104,0
2367,GS0387,602104,0
2368,GS0393,602105,0
2369,GS0399,602105,0
2370,001975,601101,0
2371,101055,602115,0
2372,102018,602105,0
2373,102078,602116,0
2374,YD1006,601102,0
2375,YD1012,601104,0
2376,YD1018,601104,0
2377,YD1024,601105,0
2378,YD1030,601106,0
2379,YD1036,601106,0
2380,GS0436,603101,0
2381,GS0442,603102,0
2382,GS0448,603102,0
2383,YD0002,601101,0
2384,GD0416,602107,0
2385,GD0422,603001,0
2386,GD0428,603001,0
2387,GD0434,603101,0
2388,GD0440,603101,0
2389,GD0486,603101,0
2390,GD0442,603102,0
2391,GD0448,603102,0
2392,IC0004,688008,0
2393,LC0004,688014,0
2394,CC0001,688017,0
2395,YD1042,601106,0
2396,IC0010,688008,0
2397,IC0016,688008,0
2398,IC0022,688008,0
2399,IC0028,688008,0
2400,IC0034,688008,0
2401,AU1002,688004,0
2402,AU1008,688004,0
2403,AU1014,688004,0
2404,YY0004,688004,0
2405,YY0010,688004,0
2406,YL0005,600001,0
2407,PS0001,688001,0
2408,PS0006,688001,0
2409,PS0012,688001,0
2410,PS0018,688001,0
2411,PS0024,688001,0
2412,YX1102,601102,0
2413,YX1108,601108,0
2414,YX1114,601114,0
2415,GD0276,601125,0
2416,GD0282,601126,0
2417,GD0288,601126,0
2418,GD0294,601127,0
2419,GD0300,601127,0
2420,GD0306,601128,0
2421,GD0312,601129,0
2422,GD0318,601129,0
2423,GD0324,601130,0
2424,GD0330,601130,0
2425,GD0336,601131,0
2426,GD0342,602001,0
2427,GD0348,602001,0
2428,GD0354,602101,0
2429,GD0360,602101,0
2430,GD0476,602101,0
2431,GD0362,602102,0
2432,GD0368,602102,0
2433,GD0374,602103,0
2434,GD0380,602103,0
2435,GD0386,602104,0
2436,GD0392,602105,0
2437,GD0398,602105,0
2438,GD0404,602106,0
2439,GD0410,602106,0
2440,XY0002,688004,0
2441,YD1048,601108,0
2442,YD1054,601110,0
2443,YD1060,601111,0
2444,YD1066,601111,0
2445,YD1072,601142,0
2446,YD1078,601113,0
2447,001363,601106,0
2448,YD1145,601111,0
2449,YD1151,601117,0
2450,YD1160,601106,0
2451,YD1166,601106,0
2452,Q03001,603101,0
2453,XY0008,688004,0
2454,002058,601106,0
2455,YD2075,602117,0
2456,001908,600001,0
2457,101047,602106,0
2458,016008,602113,0
2459,005039,601105,0
2460,201065,603102,0
2461,101084,601110,0
2462,YD2048,602102,0
2463,VT1001,601104,0
2464,ED0002,688007,0
2465,ED0008,688007,0
2466,ED0014,688007,0
2467,101191,602103,0
2468,ED0020,688007,0
2469,YD2051,602103,0
2470,ED0026,688007,0
2471,GD0177,601115,0
2472,ED0032,688007,0
2473,ED0038,688007,0
2474,ED0044,688007,0
2475,GS0087,601106,0
2476,GS0093,601107,0
2477,GS0099,601107,0
2478,GS0105,601108,0
2479,GS0111,601109,0
2480,GS0117,601109,0
2481,ED0047,688007,0
2482,GS0002,600001,0
2483,GS0008,600001,0
2484,GS0014,601001,0
2485,GS0020,601001,0
2486,GS0026,601101,0
2487,GS0032,601102,0
2488,GS0038,601102,0
2489,GS0044,601103,0
2490,GS0050,601103,0
2491,GS0056,601104,0
2492,GS0072,601105,0
2493,GS0078,601105,0
2494,GS0083,601106,0
2495,YX1121,601121,0
2496,YX1127,601127,0
2497,YX2002,602002,0
2498,YX2106,602106,0
2499,FX0001,600001,0
2500,IB0006,688009,0
2501,IB0012,688009,0
2502,IB0018,688009,0
2503,IB0024,688009,0
2504,IB0030,688009,0
2505,IB0036,688009,0
2506,IB0042,688009,0
2507,IB0048,688009,0
2508,002359,600001,0
2509,201023,603001,0
2510,001509,601143,0
2511,YD1133,601115,0
2512,YD1156,601111,0
2513,333324,600001,0
2514,001602,600001,0
2515,YD1124,601127,0
2516,YD2062,602111,0
2517,001827,601111,0
2518,001675,601101,0
2519,YD2044,602113,0
2520,YD2066,602115,0
2521,YD2072,602111,0
2522,001795,601145,0
2523,008043,601108,0
2524,101267,602110,0
2525,GD0513,602111,0
2526,GD0519,602111,0
2527,GD0525,602110,0
2528,GD0531,602108,0
2529,010013,601110,0
2530,101158,602111,0
2531,004098,601106,0
2532,001322,601109,0
2533,GS0259,601123,0
2534,GS0265,601124,0
2535,110227,600001,0
2536,VT1012,601136,0
2537,YD2014,602111,0
2538,YD2020,602108,0
2539,YD2026,602114,0
2540,YD2032,602111,0
2541,VT1016,601119,0
2542,YD2038,602116,0
2543,VT1022,601101,0
2544,333312,600001,0
2545,110270,600001,0
2546,333328,600001,0
2547,333337,600001,0
2548,007026,601107,0
2549,001692,601131,0
2550,201060,601117,0
2551,001664,601101,0
2552,101064,602102,0
2553,001980,601107,0
2554,GD0491,601106,0
2555,001993,603101,0
2556,GD0497,601106,0
2557,102077,602101,0
2558,GD0503,602105,0
2559,001716,602101,0
2560,005031,601105,0
2561,YD1005,601101,0
2562,001319,601125,0
2563,YD1011,601103,0
2564,GS0271,601125,0
2565,GS0277,601125,0
2566,GS0283,601126,0
2567,GS0289,601126,0
2568,GS0295,601127,0
2569,GS0301,601128,0
2570,GS0307,601128,0
2571,GS0313,601129,0
2572,GS0319,601129,0
2573,GS0325,601130,0
2574,GS0331,601131,0
2575,GS0337,601131,0
2576,AT3007,603104,0
2577,GS0343,602001,0
2578,GS0349,602001,0
2579,GS0355,602101,0
2580,AT1111,601129,0
2581,101161,602114,0
2582,AT3010,603101,0
2583,AT1131,601143,0
2584,VT1005,601101,0
2585,YD1202,601127,0
2586,003036,601103,0
2587,AT1112,601130,0
2588,YD1180,601112,0
2589,GD0538,602108,0
2590,YD1088,601115,0
2591,AT1126,601116,0
2592,YD1094,601117,0
2593,YD1100,601119,0
2594,YD1106,601124,0
2595,YD1112,601125,0
2596,YD2083,602103,0
2597,YD2002,602101,0
2598,YD2008,602102,0
2599,GS0362,602102,0
2600,GS0368,602102,0
2601,GS0374,602103,0
2602,GS0380,602103,0
2603,GS0386,602104,0
2604,GS0392,602105,0
2605,GS0398,602105,0
2606,GS0404,602106,0
2607,GS0410,602106,0
2608,GS0416,602107,0
2609,GS0422,603001,0
2610,GS0428,603001,0
2611,GS0434,603101,0
2612,GS0128,601110,0
2613,GS0134,601111,0
2614,GS0140,601111,0
2615,GS0146,601112,0
2616,GS0152,601113,0
2617,GS0158,601113,0
2618,GS0164,601114,0
2619,GS0170,601114,0
2620,GS0176,601115,0
2621,GS0182,601116,0
2622,GS0188,601116,0
2623,GS0194,601117,0
2624,GS0200,601117,0
2625,GS0206,601118,0
2626,GS0212,601119,0
2627,GS0218,601119,0
2628,GS0224,601120,0
2629,110248,601131,0
2630,GS0235,601121,0
2631,GS0241,601122,0
2632,GS0247,601122,0
2633,GS0253,601123,0
2634,YD1023,601105,0
2635,YD1029,601106,0
2636,YD1035,601106,0
2637,GS0435,603101,0
2638,GS0441,603102,0
2639,GS0447,603102,0
2640,YD0001,601101,0
2641,LC0003,688014,0
2642,LC0009,688014,0
2643,YD1041,601106,0
2644,YD1047,601107,0
2645,YD1053,601110,0
2646,YD1059,601121,0
2647,YD1065,601111,0
2648,YD1071,601113,0
2649,YD1077,601130,0
2650,YD1083,601114,0
2651,YD1144,601111,0
2652,YD1150,601117,0
2653,YD1159,601106,0
2654,YD1165,601106,0
2655,101093,602109,0
2656,333338,600001,0
2657,003014,601134,0
2658,001155,600001,0
2659,101172,602107,0
2660,201076,603102,0
2661,008034,601108,0
2662,016014,601137,0
2663,GD0274,601125,0
2664,GD0280,601125,0
2665,GD0286,601126,0
2666,GD0292,601127,0
2667,GD0298,601127,0
2668,GD0304,601128,0
2669,GD0310,601128,0
2670,GD0316,601129,0
2671,GD0322,601130,0
2672,GD0328,601130,0
2673,GD0334,601131,0
2674,GD0340,601131,0
2675,GD0346,602001,0
2676,GD0352,602101,0
2677,GD0358,602101,0
2678,GD0474,602101,0
2679,GD0480,602101,0
2680,GD0366,602102,0
2681,GD0372,602103,0
2682,GD0378,602103,0
2683,GD0384,602104,0
2684,GD0390,602104,0
2685,GD0396,602105,0
2686,GD0402,602106,0
2687,GD0408,602106,0
2688,GD0414,602107,0
2689,GD0420,602107,0
2690,GD0426,603001,0
2691,GD0432,603101,0
2692,GD0438,603101,0
2693,GD0484,603101,0
2694,GD0490,603101,0
2695,GD0446,603102,0
2696,IC0002,688008,0
2697,IC0008,688008,0
2698,IC0014,688008,0
2699,IC0020,688008,0
2700,IC0026,688008,0
2701,IC0032,688008,0
2702,IB0050,688009,0
2703,AU1006,688004,0
2704,AU1012,688004,0
2705,AU3001,688004,0
2706,XY0006,688004,0
2707,XY0012,688004,0
2708,ED0006,688007,0
2709,ED0012,688007,0
2710,ED0018,688007,0
2711,ED0024,688007,0
2712,ED0030,688007,0
2713,ED0036,688007,0
2714,ED0042,688007,0
2715,GS0085,601106,0
2716,GS0091,601107,0
2717,GS0097,601107,0
2718,GS0103,601108,0
2719,GS0109,601108,0
2720,GS0115,601109,0
2721,GS0121,601110,0
2722,ZZ0001,600001,0
2723,GS0006,600001,0
2724,GS0012,601001,0
2725,GS0018,601001,0
2726,GS0024,601101,0
2727,GS0030,601101,0
2728,GS0036,601102,0
2729,GS0042,601103,0
2730,GS0048,601103,0
2731,GS0054,601104,0
2732,GS0060,601104,0
2733,GS0076,601105,0
2734,GS0081,601106,0
2735,YX1119,601119,0
2736,YX1125,601125,0
2737,YX1131,601131,0
2738,YX2104,602104,0
2739,YX3101,603101,0
2740,IB0004,688009,0
2741,IB0010,688009,0
2742,IB0016,688009,0
2743,IB0022,688009,0
2744,IB0028,688009,0
2745,IB0034,688009,0
2746,IB0040,688009,0
2747,IB0046,688009,0
2748,GS0360,602101,0
2749,GS0366,602102,0
2750,GS0372,602103,0
2751,GS0378,602103,0
2752,GS0384,602104,0
2753,GS0390,602104,0
2754,GS0396,602105,0
2755,GS0402,602106,0
2756,GS0408,602106,0
2757,GS0414,602107,0
2758,GS0420,602107,0
2759,GS0426,603001,0
2760,GS0432,603101,0
2761,GS0126,601110,0
2762,GS0132,601111,0
2763,GS0138,601111,0
2764,GS0144,601112,0
2765,GS0150,601112,0
2766,GS0156,601113,0
2767,GS0162,601114,0
2768,GS0168,601114,0
2769,GS0174,601115,0
2770,GS0180,601115,0
2771,yy1131,601131,0
2772,yy1142,601142,0
2773,yy2112,602112,0
2774,GD0183,601116,0
2775,GD0189,601116,0
2776,GD0195,601117,0
2777,GD0201,601118,0
2778,GD0207,601118,0
2779,GD0213,601119,0
2780,GD0219,601119,0
2781,GD0225,601120,0
2782,GD0231,601121,0
2783,GD0013,601001,0
2784,GD0019,601001,0
2785,GD0025,601101,0
2786,GD0451,601101,0
2787,GD0457,601101,0
2788,GD0463,601101,0
2789,GD0469,601101,0
2790,GD0035,601102,0
2791,GD0041,601103,0
2792,GD0047,601103,0
2793,GD0053,601104,0
2794,GD0059,601104,0
2795,GD0075,601105,0
2796,IC0040,688008,0
2797,IC0046,688008,0
2798,YY0002,688004,0
2799,YY0008,688004,0
2800,YL0003,600001,0
2801,YL0009,600001,0
2802,GD0561,601116,0
2803,PS0010,688001,0
2804,PS0016,688001,0
2805,PS0022,688001,0
2806,YX1002,601002,0
2807,YX1106,601106,0
2808,YX1112,601112,0
2809,GS0186,601116,0
2810,GS0192,601117,0
2811,GS0198,601117,0
2812,GS0204,601118,0
2813,GS0210,601118,0
2814,GS0216,601119,0
2815,GS0222,601120,0
2816,GS0228,601120,0
2817,GS0233,601121,0
2818,GS0239,601121,0
2819,GS0245,601122,0
2820,GS0251,601123,0
2821,GS0257,601123,0
2822,GS0263,601124,0
2823,GS0269,601124,0
2824,GS0275,601125,0
2825,GS0281,601126,0
2826,GS0287,601126,0
2827,GS0293,601127,0
2828,GS0299,601127,0
2829,GS0305,601128,0
2830,GS0311,601129,0
2831,GS0317,601129,0
2832,GS0323,601130,0
2833,GS0329,601130,0
2834,GS0335,601131,0
2835,GS0341,602001,0
2836,GS0347,602001,0
2837,GS0353,602101,0
2838,YD1086,601114,0
2839,YD1092,601135,0
2840,YD1098,601119,0
2841,YD1104,601122,0
2842,YD1110,601141,0
2843,YD1116,601126,0
2844,YD2006,602106,0
2845,AT2041,602114,0
2846,YD1172,601119,0
2847,110128,601101,0
2848,YD1187,601106,0
2849,YD1193,601106,0
2850,HW0004,601102,0
2851,HW0010,601102,0
2852,HW0016,601102,0
2853,HW0022,601102,0
2854,HW0028,601102,0
2855,HW0034,601102,0
2856,HW0040,601102,0
2857,001772,601002,0
2858,016048,601137,0
2859,AT1142,601141,0
2860,YD1224,601101,0
2861,YD3004,603106,0
2862,DZ0002,601108,0
2863,YD2012,602103,0
2864,YD2018,602103,0
2865,YD2024,602104,0
2866,YD2030,602107,0
2867,YD2036,602106,0
2868,YD3001,603102,0
2869,DZ0008,601108,0
2870,DZ0014,601108,0
2871,010018,601138,0
2872,007023,600001,0
2873,009013,601109,0
2874,007013,600001,0
2875,YD2050,602103,0
2876,YD1017,601104,0
2877,DZ0038,601108,0
2878,DZ0044,601108,0
2879,DZ0050,601108,0
2880,TZ0006,688023,0
2881,TZ0012,688023,0
2882,TZ0018,688023,0
2883,TZ0024,688023,0
2884,YD2091,602110,0
2885,002144,601147,0
2886,HW0044,601102,0
2887,HW0050,601102,0
2888,YD1210,601121,0
2889,TZ0032,688023,0
2890,TZ0038,688023,0
2891,TZ0044,688023,0
2892,TZ0050,688023,0
2893,SQ0001,601132,0
2894,VT2006,603106,0
2895,SQ0003,601134,0
2896,SQ0006,601134,0
2897,110112,600001,0
2898,YD3014,601122,0
2899,022004,601125,0
2900,012006,601123,0
2901,AT1138,601113,0
2902,001807,600001,0
2903,AT1145,601131,0
2904,YD1216,601101,0
2905,YD2101,602107,0
2906,YD1250,601116,0
2907,SJ0047,688021,0
2908,101227,602108,0
2909,YD1281,601117,0
2910,201165,603102,0
2911,YD1243,601119,0
2912,YD1262,601118,0
2913,110149,601143,0
2914,GD0554,601112,0
2915,GD0560,601112,0
2916,GS0542,602110,0
2917,VT1031,601101,0
2918,SJ0006,688021,0
2919,SJ0012,688021,0
2920,SJ0018,688021,0
2921,110310,601139,0
2922,YD2112,602101,0
2923,YD1254,601125,0
2924,GD0564,601116,0
2925,GD0570,601116,0
2926,GD0576,601125,0
2927,SJ0021,688021,0
2928,SJ0027,688021,0
2929,001557,601142,0
2930,GD0544,601119,0
2931,GD0550,601119,0
2932,GD0586,601118,0
2933,SQ0008,601120,0
2934,YD2107,602105,0
2935,YD2103,602104,0
2936,YD1234,601106,0
2937,006038,601109,0
2938,001162,601120,0
2939,008057,601108,0
2940,GD0591,601142,0
2941,VT1024,601113,0
2942,GS0457,601142,0
2943,GD0593,601142,0
2944,GD0599,601142,0
2945,SJ0033,688021,0
2946,SJ0039,688021,0
2947,yy1106,601106,0
2948,yy1134,601134,0
2949,yy2108,602108,0
2950,KJP024,688037,0
2951,KJP030,688037,0
2952,KJP036,688037,0
2953,KJP042,688037,0
2954,yy1124,601124,0
2955,GD0612,688036,0
2956,GD0618,688036,0
2957,KJP047,688037,0
2958,006053,601108,0
2959,AT1155,601105,0
2960,014013,600001,0
2961,GS0464,601131,0
2962,GS0470,601131,0
2963,011055,601105,0
2964,110024,601138,0
2965,SQ0011,601121,0
2966,FCS006,688028,0
2967,yy1001,601101,0
2968,yy1108,601108,0
2969,yy1116,601116,0
2970,333325,600001,0
2971,YD2119,602115,0
2972,yy3103,603103,0
2973,101324,602106,0
2974,JMK005,688035,0
2975,ZS0001,688034,0
2976,ZS0007,688034,0
2977,yy2113,602113,0
2978,GD0603,601131,0
2979,GD0609,601131,0
2980,YD1287,601110,0
2981,YD2125,602101,0
2982,YD2131,602101,0
2983,101329,602102,0
2984,YD1288,601104,0
2985,YD1291,601135,0
2986,AT1153,601116,0
2987,SQ0010,601133,0
2988,009032,601117,0
2989,JZ0004,688036,0
2990,JZ0010,688036,0
2991,KJP005,688037,0
2992,KJP011,688037,0
2993,KJP017,688037,0
2994,YD1301,601127,0
2995,GS0489,601143,0
2996,XD0002,600001,0
2997,XD0008,600001,0
2998,XD0014,600001,0
2999,XD0020,600001,0
3000,XD0046,601141,0
3001,GS0478,601138,0
3002,YD1299,601104,0
3003,XD2022,602112,0
3004,XD2028,602112,0
3005,XD2034,602112,0
3006,XD2040,602112,0
3007,XD0063,601143,0
3008,XD0069,601143,0
3009,XD0075,601143,0
3010,XD3001,603104,0
3011,XD3007,603104,0
3012,XD3013,603104,0
3013,XD3019,603104,0
3014,XD0024,601101,0
3015,XD0030,601101,0
3016,XD0036,601101,0
3017,XD2062,602114,0
3018,XD2068,602114,0
3019,XD2074,602114,0
3020,XD2080,602114,0
3021,XD2002,602109,0
3022,XD2008,602109,0
3023,XD2014,602109,0
3024,XD2020,602109,0
3025,101183,602103,0
3026,001988,601109,0
3027,XD0054,601141,0
3028,XD0060,601141,0
3029,WZ0001,688043,1
3030,001959,601102,0
3031,YD1307,601101,0
3032,XD2045,602113,0
3033,XD2051,602113,0
3034,XD2057,602113,0
3035,GS0500,601135,0
3036,AT2044,602116,0
3037,YD3023,603103,0
3038,HD1034,601129,0
3039,110500,600001,0
3040,YD1407,601113,0
3041,TZ0055,688023,0
3042,TZ0061,688023,0
3043,TZ0067,688023,0
3044,TZ0073,688023,0
3045,TZ0079,688023,0
3046,XZ0085,688051,0
3047,XZ0091,688051,0
3048,YD1374,601110,0
3049,JF0029,601127,0
3050,XZ0095,688051,0
3051,300376,601126,0
3052,WL0018,688048,0
3053,HL0008,601108,0
3054,HL0014,601108,0
3055,HL0020,601108,0
3056,HL0026,601108,0
3057,HL0032,601108,0
3058,HL0038,601108,0
3059,HL0044,601108,0
3060,HL0047,601108,0
3061,HL0053,601108,0
3062,HL0059,601108,0
3063,HL0065,601108,0
3064,001647,601101,0
3065,110274,601112,0
3066,HL0076,601108,0
3067,HL0082,601108,0
3068,HL0088,601108,0
3069,HL0094,601108,0
3070,HL0100,601108,0
3071,101107,602102,0
3072,001459,601126,0
3073,YD1313,601112,0
3074,001665,601125,0
3075,001374,601112,0
3076,YD1319,601101,0
3077,004077,601104,0
3078,001385,601139,0
3079,VT1048,601101,0
3080,XD2081,602117,0
3081,XD2087,602117,0
3082,AT1178,601101,0
3083,AT1180,601148,0
3084,YD1312,601112,0
3085,PJ0002,688038,0
3086,PJ0008,688038,0
3087,PJ0014,688038,0
3088,HD1016,601114,0
3089,HD2009,602110,0
3090,YD1327,601101,0
3091,110165,601128,0
3092,101306,602102,0
3093,110602,601111,0
3094,QO1001,601113,0
3095,013117,601130,0
3096,AT1162,601101,0
3097,HD1019,601118,0
3098,HD2002,602102,0
3099,VT2009,603102,0
3100,XJ0002,688047,0
3101,XJ0008,688047,0
3102,HD1020,601119,0
3103,HD2010,602111,0
3104,001843,601104,0
3105,XJ0019,688047,0
3106,VT1058,601128,0
3107,XD3023,603107,0
3108,VT1043,601151,0
3109,HD1012,601109,0
3110,002117,601127,0
3111,VT1063,601129,0
3112,AT1187,601147,0
3113,001934,601132,0
3114,AT1170,601146,0
3115,VT1061,601101,0
3116,YD1342,601139,0
3117,YD1344,601101,0
3118,XD2094,602115,0
3119,YD1349,601130,0
3120,YD2143,602116,0
3121,YD1358,601109,0
3122,YD2146,602115,0
3123,XZ0002,688051,0
3124,XZ0008,688051,0
3125,XZ0014,688051,0
3126,XZ0020,688051,0
3127,XZ0026,688051,0
3128,XZ0032,688051,0
3129,AT2050,602118,0
3130,YD1379,601116,0
3131,XZ0039,688051,0
3132,XZ0045,688051,0
3133,300319,601108,0
3134,JF0027,601102,0
3135,DZ0020,601108,0
3136,DZ0026,601108,0
3137,DZ0032,601108,0
3138,101309,602103,0
3139,JMK004,688035,0
3140,JMK010,688035,0
3141,ZS0006,688034,0
3142,yy2111,602111,0
3143,YD2136,602101,0
3144,001474,601121,0
3145,XD2042,602113,0
3146,XD2048,602113,0
3147,XD2054,602113,0
3148,XD2060,602113,0
3149,GS0503,601135,0
3150,VT3003,602102,0
3151,110407,601112,0
3152,VT1050,601127,0
3153,HD1017,601115,0
3154,YD1316,601101,0
3155,YD1322,601101,0
3156,YD1331,601101,0
3157,110176,601101,0
3158,110456,601118,0
3159,XD2084,602117,0
3160,XD2090,602117,0
3161,YD1337,601121,0
3162,AT1182,601129,0
3163,VT1045,601150,0
3164,PJ0005,688038,0
3165,PJ0011,688038,0
3166,HD1008,601104,0
3167,HD1030,601142,0
3168,VT1055,601146,0
3169,101278,602105,0
3170,HW0033,601102,0
3171,HW0039,601102,0
3172,017005,600001,0
3173,001786,601119,0
3174,201164,603102,0
3175,YD1223,601101,0
3176,013104,601142,0
3177,DZ0001,601108,0
3178,DZ0007,601108,0
3179,DZ0013,601108,0
3180,DZ0019,601108,0
3181,DZ0025,601108,0
3182,DZ0031,601108,0
3183,DZ0037,601108,0
3184,DZ0043,601108,0
3185,DZ0049,601108,0
3186,TZ0005,688023,0
3187,TZ0011,688023,0
3188,TZ0017,688023,0
3189,TZ0023,688023,0
3190,YD2090,602110,0
3191,002143,601147,0
3192,HW0043,601102,0
3193,HW0049,601102,0
3194,YD1209,601133,0
3195,TZ0031,688023,0
3196,TZ0037,688023,0
3197,TZ0043,688023,0
3198,TZ0049,688023,0
3199,201139,603104,0
3200,VT2005,603105,0
3201,SQ0002,601134,0
3202,YD3010,603105,0
3203,015029,601105,0
3204,005049,601102,0
3205,YD1132,601115,0
3206,YD1155,601111,0
3207,016036,601116,0
3208,001584,600001,0
3209,101148,602001,0
3210,YD2056,602104,0
3211,AT3006,603101,0
3212,201038,603109,0
3213,YD1227,601142,0
3214,YD2065,602101,0
3215,YD2071,602101,0
3216,011051,601121,0
3217,YD1139,601127,0
3218,101101,602101,0
3219,GD0512,602111,0
3220,GD0518,602111,0
3221,GD0524,602110,0
3222,GD0530,602110,0
3223,007029,601115,0
3224,016005,601144,0
3225,YD2080,602108,0
3226,AT1120,601138,0
3227,101076,602102,0
3228,AT1110,601129,0
3229,YD1197,601125,0
3230,101105,602101,0
3231,AT1130,601143,0
3232,VT1004,601101,0
3233,AT1137,601116,0
3234,001113,600001,0
3235,AT2039,602113,0
3236,YD1179,601112,0
3237,GD0537,602108,0
3238,AT1125,601116,0
3239,YD2082,602104,0
3240,011017,600001,0
3241,YD2086,602107,0
3242,001122,601119,0
3243,VT1021,601141,0
3244,110060,600001,0
3245,002050,601102,0
3246,002019,601117,0
3247,001847,601127,0
3248,AT2037,602112,0
3249,GD0496,601106,0
3250,GD0502,602105,0
3251,GD0508,602105,0
3252,009030,601141,0
3253,AT2040,602114,0
3254,YD1171,601119,0
3255,AT1109,601128,0
3256,YD1186,601106,0
3257,YD1192,601106,0
3258,HW0003,601102,0
3259,HW0009,601102,0
3260,HW0015,601102,0
3261,HW0021,601102,0
3262,HW0027,601102,0
3263,333335,600001,0
3264,001147,601101,0
3265,001689,601101,0
3266,001978,601101,0
3267,201212,603101,0
3268,001718,602114,0
3269,001719,602101,0
3270,YD1003,601101,0
3271,YD1009,601122,0
3272,YD1015,601104,0
3273,YD1021,601105,0
3274,YD1027,601106,0
3275,YD1033,601106,0
3276,YD1039,601131,0
3277,GS0439,603101,0
3278,GS0445,603102,0
3279,VT0001,601101,0
3280,LC0010,688014,0
3281,LC0007,688014,0
3282,CC0004,688017,0
3283,YD1045,601106,0
3284,YD1051,601109,0
3285,YD1057,601111,0
3286,YD1063,601111,0
3287,YD1069,601112,0
3288,YD1075,601113,0
3289,YD1081,601139,0
3290,YD1142,601111,0
3291,YD1148,601111,0
3292,YD1157,601110,0
3293,GD0617,688036,0
3294,KJP046,688037,0
3295,GD0606,601131,0
3296,YD2133,602112,0
3297,016040,601137,0
3298,AT1154,601105,0
3299,YD2122,602101,0
3300,YD2128,602101,0
3301,YD1285,601124,0
3302,YD1283,601122,0
3303,101304,602102,0
3304,110075,601101,0
3305,GS0469,601131,0
3306,101085,602108,0
3307,008053,601108,0
3308,AT3015,603107,0
3309,007308,601138,0
3310,HD1005,601117,0
3311,007038,601110,0
3312,FCS005,688028,0
3313,yy1109,601109,0
3314,yy0001,600001,0
3315,JZ0001,688036,0
3316,yy1107,601107,0
3317,JZ0007,688036,0
3318,yy1115,601115,0
3319,KJP002,688037,0
3320,yy1130,601130,0
3321,yy1140,601140,1
3322,KJP008,688037,0
3323,yy2109,602109,0
3324,KJP014,688037,0
3325,KJP020,688037,0
3326,GS0486,601143,0
3327,GS0492,601143,0
3328,XD0005,600001,0
3329,XD0011,600001,0
3330,XD0017,600001,0
3331,XD0043,601141,0
3332,GS0475,601138,0
3333,GS0481,601138,0
3334,023023,601126,0
3335,XD2025,602112,0
3336,XD2031,602112,0
3337,XD2037,602112,0
3338,GS0496,601135,0
3339,XD0066,601143,0
3340,XD0072,601143,0
3341,XD0078,601143,0
3342,XD3004,603104,0
3343,XD3010,603104,0
3344,XD3016,603104,0
3345,XD0021,601101,0
3346,XD0027,601101,0
3347,XD0033,601101,0
3348,XD0039,601101,0
3349,XD2065,602114,0
3350,XD2071,602114,0
3351,XD2077,602114,0
3352,YD1303,601126,0
3353,XD2005,602109,0
3354,XD2011,602109,0
3355,XD2017,602109,0
3356,YD1306,601136,0
3357,110275,601142,0
3358,XD0051,601141,0
3359,XD0057,601141,0
3360,101058,602108,0
3361,yd2119,602101,0
3362,yy3101,603101,0
3363,YD1259,601118,0
3364,YD1269,601112,0
3365,GD0551,601112,0
3366,GD0557,601112,0
3367,VT3002,602101,0
3368,VT1028,601121,0
3369,SJ0003,688021,0
3370,SJ0009,688021,0
3371,SJ0015,688021,0
3372,YD1278,601131,0
3373,VT1036,601103,0
3374,YD1251,601125,0
3375,YD1253,601125,0
3376,YD1257,601125,0
3377,GD0563,601116,0
3378,GD0567,601116,0
3379,GD0569,601116,0
3380,GD0573,601125,0
3381,GD0575,601125,0
3382,GD0579,601125,0
3383,001280,601133,0
3384,SJ0024,688021,0
3385,SJ0026,688021,0
3386,SJ0030,688021,0
3387,SJ0032,688021,0
3388,GD0541,601119,0
3389,GD0543,601119,0
3390,GD0547,601119,0
3391,GD0549,601119,0
3392,GD0583,601118,0
3393,GD0585,601118,0
3394,GD0589,601118,0
3395,YD1271,601136,0
3396,YD2110,602105,0
3397,YD2106,602109,0
3398,YD1237,601106,0
3399,YD1264,601108,0
3400,YD1276,601131,0
3401,201075,601107,0
3402,YD1231,601113,0
3403,GS0454,601142,0
3404,GS0460,601142,0
3405,GD0596,601142,0
3406,SQ1001,603106,0
3407,SJ0036,688021,0
3408,SJ0042,688021,0
3409,yy1125,601125,0
3410,yy2103,602103,0
3411,KJP021,688037,0
3412,KJP027,688037,0
3413,KJP033,688037,0
3414,KJP039,688037,0
3415,yy1111,601111,0
3416,yy2110,602110,0
3417,GD0615,688036,0
3418,016046,601116,0
3419,KJP050,688037,0
3420,AT1157,601105,0
3421,016059,601135,0
3422,001576,600001,0
3423,GS0467,601131,0
3424,GS0473,601131,0
3425,YD1295,601137,0
3426,HD1003,601104,0
3427,FCS003,688028,0
3428,FCS009,688028,0
3429,yy1102,601102,0
3430,yy1113,601113,0
3431,yy1122,601122,0
3432,yy1135,601135,0
3433,SQ0007,601120,0
3434,YD3015,603102,0
3435,YD2102,602111,0
3436,YD1233,601106,0
3437,012008,601146,0
3438,201133,603105,0
3439,GS0452,602110,0
3440,VT1032,601130,0
3441,VT1023,601106,0
3442,GS0456,601142,0
3443,GS0463,601142,0
3444,yy2102,602102,0
3445,YD2117,602101,0
3446,001822,601143,0
3447,101325,602104,0
3448,JMK002,688035,0
3449,JMK008,688035,0
3450,ZS0004,688034,0
3451,GD0598,601142,0
3452,YD3017,603101,0
3453,ZS0010,688034,0
3454,SJ0038,688021,0
3455,101316,602111,0
3456,yy1104,601104,0
3457,yy1129,601129,0
3458,yy2105,602105,0
3459,KJP023,688037,0
3460,KJP029,688037,0
3461,KJP035,688037,0
3462,KJP041,688037,0
3463,yy1123,601123,0
3464,GD0611,688036,0
3465,WZ0004,688001,0
3466,WZ0010,688001,0
3467,JF0015,601152,0
3468,YD3013,601104,0
3469,001905,600001,0
3470,022003,601141,0
3471,YD2096,602112,0
3472,201162,603104,0
3473,001745,600001,0
3474,002254,600001,0
3475,101147,602104,0
3476,YD2100,602107,0
3477,YD1249,601116,0
3478,SJ0046,688021,0
3479,001306,601101,0
3480,YD1280,601117,0
3481,VT1034,601116,0
3482,YD1242,601119,0
3483,YD1261,601118,0
3484,110150,601143,0
3485,GD0553,601112,0
3486,GD0559,601112,0
3487,201081,603102,0
3488,VT1030,601120,0
3489,SJ0005,688021,0
3490,SJ0011,688021,0
3491,SJ0017,688021,0
3492,014038,601114,0
3493,YD2111,602115,0
3494,YD1163,601106,0
3495,003022,601103,0
3496,YD2074,602108,0
3497,YD1137,601108,0
3498,YD2078,602109,0
3499,101125,602102,0
3500,201025,603101,0
3501,004033,601104,0
3502,333327,600001,0
3503,007042,601107,0
3504,101233,602109,0
3505,YD1118,601118,0
3506,YD1120,601134,0
3507,016024,601116,0
3508,010072,601117,0
3509,101269,602110,0
3510,YD1123,601116,0
3511,007051,601107,0
3512,YD1136,601115,0
3513,201137,603105,0
3514,001486,601101,0
3515,002139,600001,0
3516,YD2054,602104,0
3517,006034,601115,0
3518,101088,602110,0
3519,101111,602105,0
3520,YD2047,602101,0
3521,YD2069,602114,0
3522,013102,601113,0
3523,AT2027,602108,0
3524,101143,602113,0
3525,101209,602106,0
3526,GD0516,602111,0
3527,GD0522,602110,0
3528,GD0528,602110,0
3529,011028,601111,0
3530,001425,601112,0
3531,008054,601108,0
3532,AT1118,601112,0
3533,101133,602112,0
3534,001841,600001,0
3535,AT1123,601127,0
3536,YD1200,601109,0
3537,AT3013,603101,0
3538,AT1133,601101,0
3539,AT1135,601116,0
3540,VT1009,601116,0
3541,AT2035,602111,0
3542,AT1115,601128,0
3543,GD0535,602108,0
3544,016039,601116,0
3545,001881,601126,0
3546,VT1011,601137,0
3547,YD2084,602111,0
3548,VT1015,601112,0
3549,VT1019,601142,0
3550,VT2003,603105,0
3551,YD2087,602107,0
3552,014030,601114,0
3553,017006,601118,0
3554,013001,601113,0
3555,GD0494,601106,0
3556,GD0500,601106,0
3557,GD0506,602105,0
3558,001445,601119,0
3559,AT2031,602110,0
3560,003011,601120,0
3561,YD1175,601107,0
3562,YD1184,601106,0
3563,YD1190,601106,0
3564,HW0001,601102,0
3565,HW0007,601102,0
3566,HW0013,601102,0
3567,HW0019,601102,0
3568,HW0025,601102,0
3569,HW0031,601102,0
3570,HW0037,601102,0
3571,013007,601130,0
3572,110302,600001,0
3573,HW0042,601102,0
3574,YD1221,601101,0
3575,013105,601142,0
3576,101074,602001,0
3577,DZ0005,601108,0
3578,DZ0011,601108,0
3579,DZ0017,601108,0
3580,DZ0023,601108,0
3581,DZ0029,601108,0
3582,DZ0035,601108,0
3583,DZ0041,601108,0
3584,DZ0047,601108,0
3585,TZ0003,688023,0
3586,TZ0009,688023,0
3587,TZ0015,688023,0
3588,TZ0021,688023,0
3589,TZ0027,688023,0
3590,011026,601112,0
3591,YD1203,601124,0
3592,HW0047,601102,0
3593,YD1207,601111,0
3594,TZ0029,688023,0
3595,TZ0035,688023,0
3596,TZ0041,688023,0
3597,TZ0047,688023,0
3598,YD1213,601132,0
3599,201015,601134,0
3600,YD3011,601113,0
3601,YD3008,603105,0
3602,AT1140,601135,0
3603,001903,600001,0
3604,022001,601125,0
3605,YD2094,602112,0
3606,YD1204,601123,0
3607,001167,600001,0
3608,001236,600001,0
3609,AT1148,601142,0
3610,YD1219,601101,0
3611,YD1247,601146,0
3612,SJ0044,688021,0
3613,SJ0050,688021,0
3614,TC0001,688027,1
3615,001824,601139,0
3616,YD1240,601119,0
3617,SQ1006,603105,0
3618,024024,601145,0
3619,009060,601109,0
3620,YD2155,602103,0
3621,300328,601131,0
3622,YD1367,601148,0
3623,300192,601127,0
3624,HL0002,601108,0
3625,002129,601108,0
3626,300067,601128,0
3627,JF0025,601143,0
3628,004044,600001,0
3629,201236,603101,0
3630,300036,601115,0
3631,201059,603104,0
3632,WL0002,688048,0
3633,WL0008,688048,0
3634,WL0014,688048,0
3635,300243,601131,0
3636,XD0018,600001,0
3637,XD0044,601141,0
3638,GS0476,601138,0
3639,GS0482,601138,0
3640,XD0048,601141,0
3641,XD2026,602112,0
3642,XD2032,602112,0
3643,XD2038,602112,0
3644,XD0061,601143,0
3645,XD0067,601143,0
3646,201172,603102,0
3647,001209,600001,0
3648,AT1124,601127,0
3649,YD1201,601109,0
3650,001826,600001,0
3651,AT1134,601101,0
3652,AT1136,601116,0
3653,YD2135,602102,0
3654,AT2038,602113,0
3655,YD1178,601112,0
3656,GD0536,602108,0
3657,016047,601116,0
3658,YD2081,602103,0
3659,201016,603101,0
3660,YD2085,602111,0
3661,001123,601101,0
3662,VT1020,601125,0
3663,VT2004,603101,0
3664,YD2088,602101,0
3665,014026,601114,0
3666,017015,601118,0
3667,AT2036,602112,0
3668,GD0495,601106,0
3669,GD0501,602105,0
3670,GD0507,602105,0
3671,001441,601119,0
3672,AT2032,602110,0
3673,YD1170,601119,0
3674,AT1108,601128,0
3675,YD1185,601106,0
3676,YD1191,601106,0
3677,HW0002,601102,0
3678,YD1362,601150,0
3679,016030,601116,0
3680,110522,601148,0
3681,YD1390,601112,0
3682,005071,601108,0
3683,110520,601139,0
3684,300093,601147,0
3685,WL0023,688048,0
3686,WL0029,688048,0
3687,WL0035,688048,0
3688,WL0041,688048,0
3689,WL0047,688048,0
3690,TZ0083,688023,0
3691,TZ0089,688023,0
3692,JF0024,601142,0
3693,SQ1004,603105,0
3694,TZ0091,688023,0
3695,TZ0097,688023,0
3696,XZ0053,688051,0
3697,XZ0059,688051,0
3698,XZ0065,688051,0
3699,XZ0071,688051,0
3700,XZ0077,688051,0
3701,ST1003,601131,0
3702,001049,601143,0
3703,XZ0080,688051,0
3704,XD2106,602116,0
3705,LYE001,688041,0
3706,300075,601129,0
3707,YD1354,601107,0
3708,DE0005,688014,0
3709,XD0073,601143,0
3710,XD0079,601143,0
3711,XD3005,603104,0
3712,XD3011,603104,0
3713,XD3017,603104,0
3714,XD0022,601101,0
3715,XD0028,601101,0
3716,XD0034,601101,0
3717,XD0040,601101,0
3718,XD2066,602114,0
3719,XD2072,602114,0
3720,XD2078,602114,0
3721,001401,601142,0
3722,XD2006,602109,0
3723,XD2012,602109,0
3724,XD2018,602109,0
3725,014014,601114,0
3726,001916,601138,0
3727,XD0052,601141,0
3728,XD0058,601141,0
3729,110455,601118,0
3730,YD2137,602101,0
3731,HD1006,601105,0
3732,XD2043,602113,0
3733,XD2049,602113,0
3734,XD2055,602113,0
3735,GS0498,601135,0
3736,AT2042,602115,0
3737,201163,603101,0
3738,YD1310,601141,0
3739,AT1159,601145,0
3740,HD2004,602104,0
3741,YD1317,601101,0
3742,HW0008,601102,0
3743,HW0014,601102,0
3744,HW0020,601102,0
3745,HW0026,601102,0
3746,HW0032,601102,0
3747,HW0038,601102,0
3748,013101,601142,0
3749,110300,600001,0
3750,201151,603101,0
3751,YD1222,601101,0
3752,013103,601142,0
3753,YD2098,602106,0
3754,DZ0006,601108,0
3755,DZ0012,601108,0
3756,DZ0018,601108,0
3757,DZ0024,601108,0
3758,DZ0030,601108,0
3759,DZ0036,601108,0
3760,DZ0042,601108,0
3761,DZ0048,601108,0
3762,TZ0004,688023,0
3763,TZ0010,688023,0
3764,TZ0016,688023,0
3765,TZ0022,688023,0
3766,YD2089,602110,0
3767,110053,601131,0
3768,201140,603101,0
3769,HW0048,601102,0
3770,YD1208,601111,0
3771,TZ0030,688023,0
3772,TZ0036,688023,0
3773,TZ0042,688023,0
3774,TZ0048,688023,0
3775,YD1214,601132,0
3776,DE0011,688014,0
3777,DE0017,688014,0
3778,DE0023,688014,0
3779,DE0029,688014,0
3780,DE0035,688014,0
3781,DE0041,688014,0
3782,YD3034,603101,0
3783,DE0045,688014,0
3784,YD3031,603107,0
3785,JF0014,601126,0
3786,110438,601117,0
3787,YD1400,601108,0
3788,201242,603107,0
3789,110534,603107,0
3790,005057,601150,0
3791,300251,602101,0
3792,300355,602113,0
3793,001679,601108,0
3794,WL0055,688048,0
3795,WL0061,688048,0
3796,WL0067,688048,0
3797,WL0073,688048,0
3798,WL0079,688048,0
3799,WL0085,688048,0
3800,AT1189,601152,0
3801,WX0004,688022,1
3802,WX0010,688022,0
3803,WX0016,688022,0
3804,WL0088,688048,0
3805,WL0094,688048,0
3806,YD1323,601101,0
3807,001471,600001,0
3808,001702,601141,0
3809,009053,601106,0
3810,XD2085,602117,0
3811,110509,601148,0
3812,YD1338,601144,0
3813,AT1183,601154,0
3814,VT1053,601118,0
3815,PJ0006,688038,0
3816,PJ0012,688038,0
3817,HD1011,601108,0
3818,HD2003,602103,0
3819,VT1056,601146,0
3820,110197,601125,0
3821,YD1329,601101,0
3822,110542,601129,0
3823,YD3018,603107,0
3824,XD2100,602115,0
3825,VT1044,601117,0
3826,AT1166,601101,0
3827,HD1031,601143,0
3828,HD3004,603107,0
3829,001026,601002,0
3830,XJ0006,688047,0
3831,XJ0012,688047,0
3832,HD1033,601146,0
3833,AT1174,601149,0
3834,XJ0017,688047,0
3835,001361,601112,0
3836,013115,601113,0
3837,101155,602101,0
3838,110091,601101,0
3839,YD3009,603105,0
3840,YD3012,601113,0
3841,VT3001,602101,0
3842,022002,601141,0
3843,YD2095,602112,0
3844,YD1205,601123,0
3845,001603,600001,0
3846,014015,600001,0
3847,AT1149,601142,0
3848,YD1220,601101,0
3849,YD1248,601116,0
3850,SJ0045,688021,0
3851,SQ1002,603105,0
3852,TC0002,688027,0
3853,VT1033,601116,0
3854,YD1241,601119,0
3855,YD1260,601118,0
3856,110235,601119,0
3857,GD0552,601112,0
3858,GD0558,601112,0
3859,VT1025,601113,0
3860,VT1029,601101,0
3861,SJ0004,688021,0
3862,SJ0010,688021,0
3863,SJ0016,688021,0
3864,YD1279,601131,0
3865,VT1037,601107,0
3866,YD1252,601125,0
3867,011050,601102,0
3868,GD0568,601116,0
3869,GD0574,601125,0
3870,WL0100,688048,0
3871,300211,603107,0
3872,024025,601127,0
3873,FX0002,688049,1
3874,YD2156,602103,0
3875,300173,601101,0
3876,YD1368,601148,0
3877,300196,601127,0
3878,HL0003,601108,0
3879,300070,601111,0
3880,YD3036,603102,0
3881,001175,601145,0
3882,ST1001,601104,0
3883,300076,602117,0
3884,004013,601109,0
3885,YD1395,601127,0
3886,WL0003,688048,0
3887,WL0009,688048,0
3888,WL0015,688048,0
3889,HD1035,601152,0
3890,004106,601104,0
3891,HD2006,602106,0
3892,007074,601129,0
3893,XD3022,603107,0
3894,XD2099,602115,0
3895,YD2139,602101,0
3896,AT1165,601101,0
3897,HD1028,601138,0
3898,XD3027,603107,0
3899,001976,601104,0
3900,HD2016,602117,0
3901,001942,601125,0
3902,VT1065,601108,0
3903,001672,601107,0
3904,AT1168,601144,0
3905,YD1334,601138,0
3906,YD1341,601135,0
3907,QO1002,601124,0
3908,XD2092,602115,0
3909,XD2098,602115,0
3910,010043,601109,0
3911,YD1356,601109,0
3912,101045,602104,0
3913,YD2150,602115,0
3914,XZ0006,688051,0
3915,XZ0012,688051,0
3916,XZ0018,688051,0
3917,XZ0024,688051,0
3918,XZ0030,688051,0
3919,110038,601002,0
3920,YD3032,603107,0
3921,JF0017,601125,0
3922,300064,601130,0
3923,VT1067,601139,0
3924,001365,603109,0
3925,300066,601139,0
3926,300209,603101,0
3927,GD0580,601125,0
3928,SJ0025,688021,0
3929,SJ0031,688021,0
3930,GD0542,601119,0
3931,GD0548,601119,0
3932,GD0584,601118,0
3933,GD0590,601118,0
3934,YD1272,601135,0
3935,YD1273,601131,0
3936,YD1232,601106,0
3937,YD1238,601106,0
3938,YD1265,601108,0
3939,GS0453,602111,0
3940,001052,601107,0
3941,102095,602110,0
3942,GS0455,601142,0
3943,GS0462,601142,0
3944,GD0597,601142,0
3945,YD3016,603101,0
3946,SJ0037,688021,0
3947,yy1103,601103,0
3948,yy1127,601127,0
3949,yy2104,602104,0
3950,KJP022,688037,0
3951,KJP028,688037,0
3952,KJP034,688037,0
3953,KJP040,688037,0
3954,yy1117,601117,0
3955,yy3002,603002,0
3956,GD0616,688036,0
3957,KJP045,688037,0
3958,013010,601130,0
3959,VT1039,601105,0
3960,YD1284,601124,0
3961,001329,600001,0
3962,GS0468,601131,0
3963,008017,601108,0
3964,HD3003,603104,0
3965,002319,603104,0
3966,XJ0005,688047,0
3967,XJ0011,688047,0
3968,HD1029,601141,0
3969,001696,601117,0
3970,XJ0016,688047,0
3971,102110,602102,0
3972,002276,601150,0
3973,XD3026,603107,0
3974,VT1052,601127,0
3975,HD2012,602113,0
3976,YD1328,601101,0
3977,SQ0013,601121,0
3978,XD3029,603107,0
3979,AT1167,601144,0
3980,YD1333,601138,0
3981,YD1340,601135,0
3982,XD3031,603107,0
3983,XD2091,602115,0
3984,XD2097,602115,0
3985,YD2153,602106,0
3986,YD1355,601109,0
3987,110040,600001,0
3988,YD2149,602115,0
3989,XZ0005,688051,0
3990,XZ0011,688051,0
3991,XZ0017,688051,0
3992,XZ0023,688051,0
3993,XZ0029,688051,0
3994,WZ0002,688001,0
3995,SQ1010,603109,0
3996,300393,602111,0
3997,003041,601110,0
3998,WL0056,688048,0
3999,WL0062,688048,0
4000,WL0068,688048,0
4001,WL0074,688048,0
4002,WL0080,688048,0
4003,WL0086,688048,0
4004,AT1190,601152,0
4005,WX0005,688022,0
4006,WX0011,688022,0
4007,WX0017,688022,0
4008,WL0089,688048,0
4009,WL0095,688048,0
4010,101283,602105,0
4011,022026,601141,0
4012,300027,601127,0
4013,021020,601102,0
4014,101207,602111,0
4015,GF0001,688002,0
4016,XZ0037,688051,0
4017,XZ0043,688051,0
4018,XZ0049,688051,0
4019,300288,602115,0
4020,YD3021,603103,0
4021,300045,601104,0
4022,300042,601148,0
4023,YD1296,601136,0
4024,HD1004,601110,0
4025,FCS004,688028,0
4026,FCS010,688028,0
4027,yy1105,601105,0
4028,yy1114,601114,0
4029,yy1126,601126,0
4030,yy1139,601139,0
4031,yy2106,602106,0
4032,YD2118,602115,0
4033,yy3001,603001,0
4034,101312,602104,0
4035,JMK003,688035,0
4036,JMK009,688035,0
4037,ZS0005,688034,0
4038,yy2107,602107,0
4039,GD0601,601131,0
4040,GD0607,601131,0
4041,016043,601116,0
4042,YD2123,602101,0
4043,YD2129,602101,0
4044,yy1138,601138,0
4045,008020,601108,0
4046,001109,601106,0
4047,VT2007,603107,0
4048,019001,601119,0
4049,yy1128,601128,0
4050,JZ0002,688036,0
4051,JZ0008,688036,0
4052,KJP003,688037,0
4053,KJP009,688037,0
4054,KJP015,688037,0
4055,110453,601142,0
4056,GS0487,601143,0
4057,YD1382,601142,0
4058,XZ0036,688051,0
4059,XZ0042,688051,0
4060,XZ0048,688051,0
4061,300144,601110,0
4062,JF0034,601109,0
4063,002201,601103,0
4064,300140,602115,0
4065,YD1404,601113,0
4066,TZ0052,688023,0
4067,TZ0058,688023,0
4068,TZ0064,688023,0
4069,TZ0070,688023,0
4070,TZ0076,688023,0
4071,XZ0082,688051,0
4072,XZ0088,688051,0
4073,003028,601151,0
4074,JF0004,601138,0
4075,AT2049,602102,0
4076,XZ0098,688051,0
4077,300203,601122,0
4078,YD1391,601112,0
4079,HL0011,601108,0
4080,HL0017,601108,0
4081,HL0023,601108,0
4082,HL0029,601108,0
4083,HL0035,601108,0
4084,HL0041,601108,0
4085,003048,601103,0
4086,HL0050,601108,0
4087,HL0056,601108,0
4088,HL0062,601108,0
4089,YD1405,601113,0
4090,TZ0053,688023,0
4091,TZ0059,688023,0
4092,TZ0065,688023,0
4093,TZ0071,688023,0
4094,TZ0077,688023,0
4095,XZ0083,688051,0
4096,XZ0089,688051,0
4097,110605,601113,0
4098,JF0008,601130,0
4099,XZ0093,688051,0
4100,XZ0099,688051,0
4101,WL0016,688048,0
4102,YD1392,601112,0
4103,HL0012,601108,0
4104,HL0018,601108,0
4105,HL0024,601108,0
4106,HL0030,601108,0
4107,HL0036,601108,0
4108,HL0042,601108,0
4109,004071,601149,0
4110,HL0051,601108,0
4111,HL0057,601108,0
4112,HL0063,601108,0
4113,HL0069,601108,0
4114,101322,602105,0
4115,001271,601147,0
4116,YD1369,601148,0
4117,300199,601127,0
4118,HL0004,601108,0
4119,ST1002,601147,0
4120,YD3037,603102,0
4121,011049,601114,0
4122,GS0493,601143,0
4123,XD0006,600001,0
4124,XD0012,600001,0
4125,HL0068,601108,0
4126,006039,601102,0
4127,HL0073,601108,0
4128,HL0079,601108,0
4129,HL0085,601108,0
4130,HL0091,601108,0
4131,HL0097,601108,0
4132,300188,602101,0
4133,110452,601101,0
4134,WZ0007,688001,0
4135,001671,601109,0
4136,JF0026,601105,0
4137,JF0013,601144,0
4138,025005,601147,0
4139,101281,602104,0
4140,110535,601142,0
4141,300030,602112,0
4142,YD1371,601103,0
4143,001983,601103,0
4144,WL0026,688048,0
4145,GD0602,601131,0
4146,GD0608,601131,0
4147,016045,601136,0
4148,YD2124,602101,0
4149,YD2130,602101,0
4150,yy3102,603102,0
4151,001655,601138,0
4152,AT1152,601102,0
4153,001318,601139,0
4154,YD3028,603103,0
4155,015003,601124,0
4156,300286,601126,0
4157,WL0004,688048,0
4158,WL0010,688048,0
4159,102120,602103,0
4160,YD1411,601139,0
4161,HL0074,601108,0
4162,HL0080,601108,0
4163,HL0086,601108,0
4164,HL0092,601108,0
4165,HL0098,601108,0
4166,YD2144,601113,0
4167,300236,601114,0
4168,WZ0008,688001,0
4169,JF0005,601104,0
4170,JF0042,601146,0
4171,JF0018,601141,0
4172,300021,601149,0
4173,110604,601138,0
4174,110551,601142,0
4175,102118,602116,0
4176,YD1372,601103,0
4177,WL0021,688048,0
4178,WL0027,688048,0
4179,WL0033,688048,0
4180,WL0039,688048,0
4181,WL0045,688048,0
4182,TZ0081,688023,0
4183,TZ0087,688023,0
4184,018001,601101,0
4185,019002,601119,0
4186,yy2101,602101,0
4187,JZ0003,688036,0
4188,JZ0009,688036,0
4189,KJP004,688037,0
4190,KJP010,688037,0
4191,KJP016,688037,0
4192,YD1300,601127,0
4193,GS0488,601143,0
4194,XD0001,600001,0
4195,XD0007,600001,0
4196,XD0013,600001,0
4197,XD0019,600001,0
4198,XD0045,601141,0
4199,GS0477,601138,0
4200,GS0483,601138,0
4201,XD2021,602112,0
4202,XD2027,602112,0
4203,XD2033,602112,0
4204,XD2039,602112,0
4205,XD0062,601143,0
4206,XD0068,601143,0
4207,XD0074,601143,0
4208,XD0080,601143,0
4209,XD3006,603104,0
4210,WL0032,688048,0
4211,WL0038,688048,0
4212,WL0044,688048,0
4213,WL0050,688048,0
4214,TZ0086,688023,0
4215,JF0003,601110,0
4216,YD1348,601153,0
4217,300210,603107,0
4218,JF0006,601128,0
4219,YD2154,602112,0
4220,YD3038,603104,0
4221,TZ0095,688023,0
4222,XZ0051,688051,0
4223,XZ0057,688051,0
4224,XZ0063,688051,0
4225,XZ0069,688051,0
4226,XZ0075,688051,0
4227,YD1373,601116,0
4228,YD1388,601106,0
4229,300041,601124,0
4230,300165,601147,0
4231,001178,601109,0
4232,300341,602105,0
4233,WL0051,688048,0
4234,WL0057,688048,0
4235,WL0063,688048,0
4236,WL0069,688048,0
4237,WL0075,688048,0
4238,WL0081,688048,0
4239,WL0087,688048,0
4240,300334,601131,0
4241,WX0006,688022,0
4242,WX0012,688022,0
4243,WX0018,688022,0
4244,WL0090,688048,0
4245,WL0096,688048,0
4246,300255,601145,0
4247,300169,601127,0
4248,300029,601145,0
4249,TZ0094,688023,0
4250,TZ0100,688023,0
4251,XZ0056,688051,0
4252,XZ0062,688051,0
4253,XZ0068,688051,0
4254,XZ0074,688051,0
4255,001609,601146,0
4256,YD1387,601106,0
4257,YD1402,601139,0
4258,XD2103,602116,0
4259,XD2109,602116,0
4260,LYE004,688041,0
4261,013114,601113,0
4262,DE0002,688014,0
4263,DE0008,688014,0
4264,DE0014,688014,0
4265,DE0020,688014,0
4266,DE0026,688014,0
4267,DE0032,688014,0
4268,DE0038,688014,0
4269,300346,601120,0
4270,DE0042,688014,0
4271,DE0048,688014,0
4272,101214,602106,0
4273,JF0035,601103,0
4274,XD3012,603104,0
4275,XD3018,603104,0
4276,XD0023,601101,0
4277,XD0029,601101,0
4278,XD0035,601101,0
4279,XD2061,602114,0
4280,XD2067,602114,0
4281,XD2073,602114,0
4282,XD2079,602114,0
4283,ST0003,601131,0
4284,YD1409,601113,0
4285,YD1393,601139,0
4286,YD3035,603103,0
4287,300096,601126,0
4288,HL0005,601108,0
4289,001946,601105,0
4290,JF0009,601139,0
4291,001360,600001,0
4292,XZ0078,688051,0
4293,XD2104,602116,0
4294,XD2110,602116,0
4295,LYE005,688041,0
4296,300238,603101,0
4297,DE0003,688014,0
4298,DE0009,688014,0
4299,DE0015,688014,0
4300,DE0021,688014,0
4301,DE0027,688014,0
4302,DE0033,688014,0
4303,DE0039,688014,0
4304,300125,601152,0
4305,DE0043,688014,0
4306,DE0049,688014,0
4307,JF0007,601113,0
4308,YD1365,601150,0
4309,101237,602109,0
4310,102037,602109,0
4311,110467,603107,0
4312,001388,601142,0
4313,300324,601105,0
4314,XD2001,602109,0
4315,XD2007,602109,0
4316,XD2013,602109,0
4317,XD2019,602109,0
4318,101195,602002,0
4319,004002,601111,0
4320,XD0053,601141,0
4321,XD0059,601141,0
4322,013111,601139,0
4323,YD2138,602114,0
4324,001028,601127,0
4325,XD2044,602113,0
4326,XD2050,602113,0
4327,XD2056,602113,0
4328,GS0499,601135,0
4329,AT2043,602115,0
4330,003003,601141,0
4331,YD1311,601141,0
4332,AT1160,601145,0
4333,HD2007,602108,0
4334,YD1318,601101,0
4335,YD1324,601101,0
4336,YD1332,601136,0
4337,YD1398,601114,0
4338,101302,602106,0
4339,110462,603107,0
4340,101305,602102,0
4341,017011,601144,0
4342,YD3020,603102,0
4343,101300,602113,0
4344,YD1376,601129,0
4345,HY0001,688054,1
4346,WL0053,688048,0
4347,WL0059,688048,0
4348,WL0065,688048,0
4349,WL0071,688048,0
4350,WL0077,688048,0
4351,WL0083,688048,0
4352,300351,601125,0
4353,WX0002,688022,0
4354,YX1126,601126,0
4355,YX2001,602001,0
4356,YX2105,602105,0
4357,YX3102,603102,0
4358,IB0005,688009,0
4359,IB0011,688009,0
4360,IB0017,688009,0
4361,IB0023,688009,0
4362,IB0029,688009,0
4363,IB0035,688009,0
4364,IB0041,688009,0
4365,IB0047,688009,0
4366,GS0361,602102,0
4367,GS0367,602102,0
4368,GS0373,602103,0
4369,GS0379,602103,0
4370,GS0385,602104,0
4371,GS0391,602105,0
4372,GS0397,602105,0
4373,GS0403,602106,0
4374,GS0409,602106,0
4375,GS0415,602107,0
4376,GS0421,603001,0
4377,GS0427,603001,0
4378,GS0433,603101,0
4379,WL0052,688048,0
4380,WL0058,688048,0
4381,WL0064,688048,0
4382,WL0070,688048,0
4383,WL0076,688048,0
4384,WL0082,688048,0
4385,016003,601103,0
4386,WX0001,688022,0
4387,WX0007,688022,0
4388,WX0013,688022,0
4389,WX0019,688022,0
4390,WL0091,688048,0
4391,WL0097,688048,0
4392,102119,602101,0
4393,011060,601149,0
4394,YD1350,601142,0
4395,300208,603102,0
4396,001061,601103,0
4397,YD1394,601116,0
4398,300120,601126,0
4399,110139,601101,0
4400,VT1047,601101,0
4401,102109,602112,0
4402,XD2086,602117,0
4403,AT1177,601101,0
4404,AT1179,601148,0
4405,AT1184,601154,0
4406,PJ0001,688038,0
4407,PJ0007,688038,0
4408,GS0127,601110,0
4409,GS0133,601111,0
4410,GS0139,601111,0
4411,GS0145,601112,0
4412,GS0151,601113,0
4413,GS0157,601113,0
4414,GS0163,601114,0
4415,GS0169,601114,0
4416,GS0175,601115,0
4417,GS0181,601116,0
4418,GS0187,601116,0
4419,WX0008,688022,0
4420,WX0014,688022,0
4421,WX0020,688022,0
4422,WL0092,688048,0
4423,WL0098,688048,0
4424,300022,602101,0
4425,011007,601149,0
4426,YD1351,601142,0
4427,300212,603103,0
4428,300174,601103,0
4429,YD1366,601148,0
4430,VT2010,603109,0
4431,016042,601116,0
4432,001497,601108,0
4433,300121,601126,0
4434,JF0023,601111,0
4435,008008,600001,0
4436,YD1384,601110,0
4437,AT1191,601126,0
4438,YD3027,603104,0
4439,PJ0013,688038,0
4440,HD1014,601112,0
4441,HD2005,602105,0
4442,AT1172,601126,0
4443,YD2140,602110,0
4444,001217,600001,0
4445,110541,601110,0
4446,YD3109,603107,0
4447,013116,601113,0
4448,AT1161,601101,0
4449,002351,601117,0
4450,HD1032,601145,0
4451,VT1057,601111,0
4452,XJ0001,688047,0
4453,XJ0007,688047,0
4454,XJ0013,688047,0
4455,HD2001,602101,0
4456,AT1175,601149,0
4457,XJ0018,688047,0
4458,VT1059,601104,0
4459,018005,601101,0
4460,VT1040,601126,0
4461,HD1009,601106,0
4462,001979,601106,0
4463,HL0006,601108,0
4464,023041,601126,0
4465,JF0011,601135,0
4466,004054,600001,0
4467,JF0001,601101,0
4468,YD3030,603101,0
4469,YD3026,603104,0
4470,WL0001,688048,0
4471,WL0007,688048,0
4472,WL0013,688048,0
4473,SQ0014,601124,0
4474,023026,601152,0
4475,YD3029,603101,0
4476,VT1068,601124,0
4477,YD1401,601105,0
4478,GS0193,601117,0
4479,GS0199,601117,0
4480,GS0205,601118,0
4481,GS0211,601119,0
4482,GS0217,601119,0
4483,GS0223,601120,0
4484,GS0229,601120,0
4485,GS0234,601121,0
4486,GS0240,601121,0
4487,GS0246,601122,0
4488,GS0252,601123,0
4489,GS0258,601123,0
4490,GS0264,601124,0
4491,GS0270,601124,0
4492,GS0276,601125,0
4493,GS0282,601126,0
4494,GS0288,601126,0
4495,WL0005,688048,0
4496,WL0011,688048,0
4497,AT3107,603109,0
4498,201234,603101,0
4499,GS0294,601127,0
4500,GS0300,601127,0
4501,GS0306,601128,0
4502,GS0312,601129,0
4503,GS0318,601129,0
4504,004085,601104,0
4505,WL0006,688048,0
4506,WL0012,688048,0
4507,002174,601119,0
4508,201235,603104,0
4509,110179,601117,0
4510,AT1186,601147,0
4511,001687,601102,0
4512,AT1169,601146,0
4513,YD1335,601138,0
4514,AT1185,601101,0
4515,YD2141,602108,0
4516,XD2093,602115,0
4517,110234,601119,0
4518,YD2142,602116,0
4519,YD1357,601109,0
4520,AT3017,603101,0
4521,XZ0001,688051,0
4522,XZ0007,688051,0
4523,XZ0013,688051,0
4524,XZ0019,688051,0
4525,XZ0025,688051,0
4526,XZ0031,688051,0
4527,005035,601133,0
4528,GF0002,688002,0
4529,XZ0038,688051,0
4530,XZ0044,688051,0
4531,XZ0050,688051,0
4532,YD1396,601127,0
4533,YD3022,603103,0
4534,YD2145,602108,0
4535,GS0324,601130,0
4536,GS0330,601130,0
4537,GS0336,601131,0
4538,GS0342,602001,0
4539,GS0348,602001,0
4540,GS0354,602101,0
4541,YD1087,601114,0
4542,YD1093,601116,0
4543,YD1099,601119,0
4544,YD1105,601124,0
4545,YD1111,601141,0
4546,YD2001,602113,0
4547,YD2007,602114,0
4548,YD2013,602103,0
4549,YD2019,602108,0
4550,YD2025,602104,0
4551,YD2031,602105,0
4552,YD2037,602113,0
4553,YD3002,603102,0
4554,333326,600001,0
4555,333336,600001,0
4556,001465,601101,0
4557,001476,601101,0
4558,001974,601101,0
4559,001992,603101,0
4560,102091,602105,0
4561,102013,602101,0
4562,YD1004,601101,0
4563,YD1010,601103,0
4564,YD1016,601104,0
4565,YD1022,601105,0
4566,001961,600001,0
4567,YD1406,601113,0
4568,TZ0054,688023,0
4569,TZ0060,688023,0
4570,TZ0066,688023,0
4571,TZ0072,688023,0
4572,TZ0078,688023,0
4573,XZ0084,688051,0
4574,XZ0090,688051,0
4575,YD3039,603104,0
4576,JF0021,601119,0
4577,XZ0094,688051,0
4578,XZ0100,688051,0
4579,WL0017,688048,0
4580,HL0007,601108,0
4581,HL0013,601108,0
4582,HL0019,601108,0
4583,HL0025,601108,0
4584,HL0031,601108,0
4585,HL0037,601108,0
4586,HL0043,601108,0
4587,101203,602114,0
4588,HL0052,601108,0
4589,HL0058,601108,0
4590,HL0064,601108,0
4591,HL0070,601108,0
4592,300335,601152,0
4593,HL0075,601108,0
4594,HL0081,601108,0
4595,HL0087,601108,0
4596,HL0093,601108,0
4597,HL0099,601108,0
4598,001302,601152,0
4599,WZ0003,688001,0
4600,WZ0009,688001,0
4601,YD1028,601106,0
4602,YD1034,601106,0
4603,YD1040,601134,0
4604,GS0440,603101,0
4605,GS0446,603102,0
4606,VT0002,601101,0
4607,LC0002,688014,0
4608,LC0008,688014,0
4609,CC0005,688017,0
4610,YD1046,601107,0
4611,YD1052,601110,0
4612,YD1058,601121,0
4613,YD1064,601111,0
4614,YD1070,601113,0
4615,YD1076,601130,0
4616,YD1082,601130,0
4617,YD1143,601111,0
4618,YD1149,601120,0
4619,YD1158,601110,0
4620,YD1164,601106,0
4621,101184,602114,0
4622,333311,600001,0
4623,YD1138,601108,0
4624,015012,600001,0
4625,101173,602105,0
4626,201054,603102,0
4627,004070,601104,0
4628,333334,600001,0
4629,001214,601002,0
4630,333331,600001,0
4631,JF0012,601118,0
4632,YD1361,601105,0
4633,JF0031,601112,0
4634,300183,602108,0
4635,300217,602117,0
4636,110550,601151,0
4637,001828,601111,0
4638,004032,601104,0
4639,WL0022,688048,0
4640,WL0028,688048,0
4641,WL0034,688048,0
4642,WL0040,688048,0
4643,WL0046,688048,0
4644,TZ0082,688023,0
4645,TZ0088,688023,0
4646,JF0022,601149,0
4647,SQ1009,603106,0
4648,TZ0090,688023,0
4649,TZ0096,688023,0
4650,XZ0052,688051,0
4651,XZ0058,688051,0
4652,XZ0064,688051,0
4653,XZ0070,688051,0
4654,XZ0076,688051,0
4655,YD3033,603107,0
4656,YD1389,601106,0
4657,XZ0079,688051,0
4658,XD2105,602116,0
4659,102121,602116,0
4660,JF0002,601106,0
4661,007011,603101,0
4662,001354,601112,0
4663,001397,601105,0
4664,101181,602113,0
4665,004068,601104,0
4666,YD1128,601116,0
4667,001379,601112,0
4668,YD1154,601111,0
4669,AT1107,601101,0
4670,001586,600001,0
4671,001549,600001,0
4672,YD2055,602104,0
4673,YD1127,601116,0
4674,201147,603102,0
4675,YD1226,601142,0
4676,YD2064,602101,0
4677,YD2070,602101,0
4678,013006,601113,0
4679,YD1131,601139,0
4680,101274,602101,0
4681,GD0511,602111,0
4682,GD0517,602111,0
4683,GD0523,602110,0
4684,GD0529,602110,0
4685,009024,601109,0
4686,001337,601112,0
4687,YD2079,602107,0
4688,AT1119,601138,0
4689,001935,601143,0
4690,DE0004,688014,0
4691,DE0010,688014,0
4692,DE0016,688014,0
4693,DE0022,688014,0
4694,DE0028,688014,0
4695,DE0034,688014,0
4696,DE0040,688014,0
4697,300201,601105,0
4698,DE0044,688014,0
4699,DE0050,688014,0
4700,JF0010,601116,0
4701,110142,600001,0
4702,YD1399,601108,0
4703,110503,603107,0
4704,110487,603107,0
4705,201233,603102,0
4706,300234,602110,0
4707,YD1377,601129,0
4708,HY0002,688054,0
4709,WL0054,688048,0
4710,WL0060,688048,0
4711,WL0066,688048,0
4712,WL0072,688048,0
4713,WL0078,688048,0
4714,WL0084,688048,0
4715,110143,600001,0
4716,WX0003,688022,0
4717,WX0009,688022,0
4718,WX0015,688022,0
4719,YD1380,601139,0
4720,WL0093,688048,0
4721,WL0099,688048,0
